WBGene00020761,AGACTC,TCGAAG,ACGTTG,NA,NA,NA
WBGene00019813,AGCTAG,TCGACA,ACGTGA,NA,NA,NA
WBGene00022130,AGCTCA,TCGATC,CTAGAC,NA,NA,NA
WBGene00012983,AGCTTC,GTACAG,CTAGTG,NA,NA,NA
WBGene00000111,CATGAG,GTACCA,CTAGGA,NA,NA,NA
WBGene00006603,CATGCA,GTACTC,CTCATG,NA,NA,NA
WBGene00001564,CATGTC,GTCTAG,CTCAGA,NA,NA,NA
WBGene00013693,CACTAG,GTCTCA,CTTCGA,NA,NA,NA
WBGene00010790,CAGATC,GTTGCA,CTGTAC,NA,NA,NA
WBGene00022199,TCACAG,GTGACA,CTGTGA,NA,NA,NA
WBGene00008780,AGGATC,GTGATC,TGAGAC,NA,NA,NA
WBGene00019890,AGTGCA,ACAGTG,TGCAAC,NA,NA,NA
WBGene00011095,AGTGTC,ACCATG,TGCATG,NA,NA,NA
WBGene00000107,TCCTAG,ACTCTG,TGCAGA,NA,NA,NA
WBGene00020696,TCTGAG,ACTCGA,TGTCAC,NA,NA,NA
WBGene00011409,TCTGCA,ACGTAC,TGTCGA,NA,NA,NA
WBGene00017071,X,X,X,X,X,X
WBGene00019895,X,X,X,X,X,X
WBGene00009583,X,X,X,X,X,X
WBGene00018682,X,X,X,X,X,X
WBGene00000001,X,X,X,X,X,X
WBGene00000196,X,X,X,X,X,X
WBGene00000197,X,X,X,X,X,X
WBGene00019819,X,X,X,X,X,X
WBGene00022393,X,X,X,X,X,X
WBGene00009952,X,X,X,X,X,X
WBGene00016943,X,X,X,X,X,X
WBGene00020366,X,X,X,X,X,X
WBGene00017125,X,X,X,X,X,X
WBGene00015894,X,X,X,X,X,X
WBGene00019433,X,X,X,X,X,X
WBGene00020812,X,X,X,X,X,X
WBGene00019406,X,X,X,X,X,X
WBGene00017874,X,X,X,X,X,X
WBGene00000035,X,X,X,X,X,X
WBGene00000036,X,X,X,X,X,X
WBGene00000038,X,X,X,X,X,X
WBGene00010339,X,X,X,X,X,X
WBGene00017888,X,X,X,X,X,X
WBGene00008581,X,X,X,X,X,X
WBGene00019465,X,X,X,X,X,X
WBGene00011543,X,X,X,X,X,X
WBGene00018657,X,X,X,X,X,X
WBGene00011106,X,X,X,X,X,X
WBGene00017261,X,X,X,X,X,X
WBGene00012911,X,X,X,X,X,X
WBGene00020264,X,X,X,X,X,X
WBGene00022646,X,X,X,X,X,X
WBGene00016995,X,X,X,X,X,X
WBGene00007150,X,X,X,X,X,X
WBGene00000040,X,X,X,X,X,X
WBGene00000041,X,X,X,X,X,X
WBGene00008564,X,X,X,X,X,X
WBGene00008565,X,X,X,X,X,X
WBGene00008566,X,X,X,X,X,X
WBGene00008567,X,X,X,X,X,X
WBGene00008167,X,X,X,X,X,X
WBGene00010336,X,X,X,X,X,X
WBGene00019060,X,X,X,X,X,X
WBGene00022770,X,X,X,X,X,X
WBGene00008802,X,X,X,X,X,X
WBGene00008801,X,X,X,X,X,X
WBGene00022246,X,X,X,X,X,X
WBGene00022037,X,X,X,X,X,X
WBGene00019920,X,X,X,X,X,X
WBGene00016716,X,X,X,X,X,X
WBGene00011173,X,X,X,X,X,X
WBGene00007969,X,X,X,X,X,X
WBGene00009221,X,X,X,X,X,X
WBGene00009218,X,X,X,X,X,X
WBGene00017012,X,X,X,X,X,X
WBGene00020343,X,X,X,X,X,X
WBGene00018152,X,X,X,X,X,X
WBGene00013575,X,X,X,X,X,X
WBGene00022849,X,X,X,X,X,X
WBGene00022104,X,X,X,X,X,X
WBGene00000081,X,X,X,X,X,X
WBGene00011064,X,X,X,X,X,X
WBGene00016509,X,X,X,X,X,X
WBGene00017051,X,X,X,X,X,X
WBGene00000090,X,X,X,X,X,X
WBGene00011050,X,X,X,X,X,X
WBGene00007210,X,X,X,X,X,X
WBGene00011767,X,X,X,X,X,X
WBGene00019322,X,X,X,X,X,X
WBGene00011474,X,X,X,X,X,X
WBGene00017166,X,X,X,X,X,X
WBGene00020820,X,X,X,X,X,X
WBGene00015162,X,X,X,X,X,X
WBGene00011193,X,X,X,X,X,X
WBGene00019725,X,X,X,X,X,X
WBGene00017282,X,X,X,X,X,X
WBGene00013362,X,X,X,X,X,X
WBGene00000118,X,X,X,X,X,X
WBGene00011938,X,X,X,X,X,X
WBGene00000108,X,X,X,X,X,X
WBGene00000109,X,X,X,X,X,X
WBGene00000110,X,X,X,X,X,X
WBGene00000112,X,X,X,X,X,X
WBGene00000113,X,X,X,X,X,X
WBGene00000114,X,X,X,X,X,X
WBGene00000115,X,X,X,X,X,X
WBGene00010284,X,X,X,X,X,X
WBGene00016415,X,X,X,X,X,X
WBGene00000138,X,X,X,X,X,X
WBGene00015124,X,X,X,X,X,X
WBGene00011573,X,X,X,X,X,X
WBGene00017244,X,X,X,X,X,X
WBGene00000181,X,X,X,X,X,X
WBGene00000198,X,X,X,X,X,X
WBGene00010769,X,X,X,X,X,X
WBGene00009192,X,X,X,X,X,X
WBGene00000206,X,X,X,X,X,X
WBGene00000207,X,X,X,X,X,X
WBGene00000209,X,X,X,X,X,X
WBGene00000210,X,X,X,X,X,X
WBGene00000211,X,X,X,X,X,X
WBGene00000212,X,X,X,X,X,X
WBGene00000213,X,X,X,X,X,X
WBGene00003816,X,X,X,X,X,X
WBGene00019730,X,X,X,X,X,X
WBGene00015484,X,X,X,X,X,X
WBGene00010564,X,X,X,X,X,X
WBGene00016957,X,X,X,X,X,X
WBGene00010419,X,X,X,X,X,X
WBGene00000229,X,X,X,X,X,X
WBGene00000230,X,X,X,X,X,X
WBGene00007385,X,X,X,X,X,X
WBGene00010960,X,X,X,X,X,X
WBGene00007089,X,X,X,X,X,X
WBGene00007102,X,X,X,X,X,X
WBGene00015021,X,X,X,X,X,X
WBGene00015064,X,X,X,X,X,X
WBGene00007122,X,X,X,X,X,X
WBGene00007129,X,X,X,X,X,X
WBGene00007130,X,X,X,X,X,X
WBGene00015125,X,X,X,X,X,X
WBGene00007175,X,X,X,X,X,X
WBGene00007194,X,X,X,X,X,X
WBGene00007197,X,X,X,X,X,X
WBGene00000239,X,X,X,X,X,X
WBGene00015467,X,X,X,X,X,X
WBGene00000245,X,X,X,X,X,X
WBGene00013805,X,X,X,X,X,X
WBGene00001149,X,X,X,X,X,X
WBGene00012713,X,X,X,X,X,X
WBGene00006518,X,X,X,X,X,X
WBGene00012914,X,X,X,X,X,X
WBGene00018755,X,X,X,X,X,X
WBGene00011832,X,X,X,X,X,X
WBGene00019225,X,X,X,X,X,X
WBGene00000253,X,X,X,X,X,X
WBGene00044063,X,X,X,X,X,X
WBGene00000266,X,X,X,X,X,X
WBGene00000269,X,X,X,X,X,X
WBGene00044631,X,X,X,X,X,X
WBGene00015278,X,X,X,X,X,X
WBGene00015270,X,X,X,X,X,X
WBGene00015298,X,X,X,X,X,X
WBGene00007236,X,X,X,X,X,X
WBGene00015371,X,X,X,X,X,X
WBGene00007330,X,X,X,X,X,X
WBGene00015464,X,X,X,X,X,X
WBGene00015509,X,X,X,X,X,X
WBGene00015551,X,X,X,X,X,X
WBGene00015565,X,X,X,X,X,X
WBGene00007419,X,X,X,X,X,X
WBGene00007435,X,X,X,X,X,X
WBGene00007425,X,X,X,X,X,X
WBGene00007464,X,X,X,X,X,X
WBGene00007507,X,X,X,X,X,X
WBGene00007509,X,X,X,X,X,X
WBGene00015733,X,X,X,X,X,X
WBGene00007548,X,X,X,X,X,X
WBGene00007556,X,X,X,X,X,X
WBGene00015752,X,X,X,X,X,X
WBGene00015773,X,X,X,X,X,X
WBGene00015810,X,X,X,X,X,X
WBGene00015887,X,X,X,X,X,X
WBGene00015889,X,X,X,X,X,X
WBGene00007684,X,X,X,X,X,X
WBGene00016034,X,X,X,X,X,X
WBGene00016118,X,X,X,X,X,X
WBGene00206373,X,X,X,X,X,X
WBGene00007753,X,X,X,X,X,X
WBGene00007755,X,X,X,X,X,X
WBGene00007756,X,X,X,X,X,X
WBGene00007780,X,X,X,X,X,X
WBGene00016207,X,X,X,X,X,X
WBGene00007812,X,X,X,X,X,X
WBGene00007836,X,X,X,X,X,X
WBGene00016294,X,X,X,X,X,X
WBGene00007857,X,X,X,X,X,X
WBGene00016333,X,X,X,X,X,X
WBGene00007880,X,X,X,X,X,X
WBGene00016393,X,X,X,X,X,X
WBGene00007917,X,X,X,X,X,X
WBGene00007965,X,X,X,X,X,X
WBGene00016511,X,X,X,X,X,X
WBGene00016524,X,X,X,X,X,X
WBGene00016632,X,X,X,X,X,X
WBGene00016629,X,X,X,X,X,X
WBGene00016657,X,X,X,X,X,X
WBGene00008131,X,X,X,X,X,X
WBGene00016810,X,X,X,X,X,X
WBGene00016892,X,X,X,X,X,X
WBGene00016906,X,X,X,X,X,X
WBGene00016920,X,X,X,X,X,X
WBGene00008346,X,X,X,X,X,X
WBGene00016985,X,X,X,X,X,X
WBGene00000279,X,X,X,X,X,X
WBGene00000280,X,X,X,X,X,X
WBGene00000281,X,X,X,X,X,X
WBGene00000282,X,X,X,X,X,X
WBGene00000283,X,X,X,X,X,X
WBGene00000284,X,X,X,X,X,X
WBGene00000800,X,X,X,X,X,X
WBGene00000296,X,X,X,X,X,X
WBGene00000298,X,X,X,X,X,X
WBGene00007533,X,X,X,X,X,X
WBGene00013866,X,X,X,X,X,X
WBGene00018783,X,X,X,X,X,X
WBGene00011527,X,X,X,X,X,X
WBGene00000391,X,X,X,X,X,X
WBGene00000392,X,X,X,X,X,X
WBGene00016384,X,X,X,X,X,X
WBGene00018986,X,X,X,X,X,X
WBGene00019329,X,X,X,X,X,X
WBGene00010628,X,X,X,X,X,X
WBGene00009057,X,X,X,X,X,X
WBGene00013024,X,X,X,X,X,X
WBGene00020398,X,X,X,X,X,X
WBGene00011517,X,X,X,X,X,X
WBGene00017625,X,X,X,X,X,X
WBGene00019127,X,X,X,X,X,X
WBGene00000481,X,X,X,X,X,X
WBGene00007465,X,X,X,X,X,X
WBGene00016665,X,X,X,X,X,X
WBGene00010799,X,X,X,X,X,X
WBGene00010945,X,X,X,X,X,X
WBGene00011157,X,X,X,X,X,X
WBGene00011158,X,X,X,X,X,X
WBGene00011159,X,X,X,X,X,X
WBGene00011161,X,X,X,X,X,X
WBGene00011162,X,X,X,X,X,X
WBGene00007466,X,X,X,X,X,X
WBGene00011164,X,X,X,X,X,X
WBGene00011166,X,X,X,X,X,X
WBGene00011167,X,X,X,X,X,X
WBGene00020407,X,X,X,X,X,X
WBGene00011846,X,X,X,X,X,X
WBGene00011848,X,X,X,X,X,X
WBGene00007467,X,X,X,X,X,X
WBGene00007469,X,X,X,X,X,X
WBGene00007470,X,X,X,X,X,X
WBGene00007471,X,X,X,X,X,X
WBGene00007472,X,X,X,X,X,X
WBGene00007473,X,X,X,X,X,X
WBGene00014162,X,X,X,X,X,X
WBGene00000496,X,X,X,X,X,X
WBGene00000497,X,X,X,X,X,X
WBGene00000503,X,X,X,X,X,X
WBGene00011757,X,X,X,X,X,X
WBGene00021252,X,X,X,X,X,X
WBGene00000509,X,X,X,X,X,X
WBGene00000510,X,X,X,X,X,X
WBGene00000511,X,X,X,X,X,X
WBGene00000512,X,X,X,X,X,X
WBGene00000513,X,X,X,X,X,X
WBGene00000514,X,X,X,X,X,X
WBGene00000515,X,X,X,X,X,X
WBGene00000536,X,X,X,X,X,X
WBGene00000761,X,X,X,X,X,X
WBGene00000762,X,X,X,X,X,X
WBGene00000763,X,X,X,X,X,X
WBGene00000765,X,X,X,X,X,X
WBGene00000766,X,X,X,X,X,X
WBGene00012895,X,X,X,X,X,X
WBGene00011526,X,X,X,X,X,X
WBGene00012553,X,X,X,X,X,X
WBGene00000371,X,X,X,X,X,X
WBGene00006519,X,X,X,X,X,X
WBGene00022170,X,X,X,X,X,X
WBGene00017926,X,X,X,X,X,X
WBGene00009161,X,X,X,X,X,X
WBGene00000775,X,X,X,X,X,X
WBGene00012907,X,X,X,X,X,X
WBGene00011122,X,X,X,X,X,X
WBGene00021703,X,X,X,X,X,X
WBGene00019644,X,X,X,X,X,X
WBGene00008629,X,X,X,X,X,X
WBGene00020911,X,X,X,X,X,X
WBGene00017763,X,X,X,X,X,X
WBGene00000829,X,X,X,X,X,X
WBGene00010964,X,X,X,X,X,X
WBGene00010965,X,X,X,X,X,X
WBGene00010962,X,X,X,X,X,X
WBGene00009048,X,X,X,X,X,X
WBGene00022856,X,X,X,X,X,X
WBGene00000830,X,X,X,X,X,X
WBGene00000831,X,X,X,X,X,X
WBGene00012316,X,X,X,X,X,X
WBGene00000833,X,X,X,X,X,X
WBGene00000869,X,X,X,X,X,X
WBGene00017121,X,X,X,X,X,X
WBGene00013854,X,X,X,X,X,X
WBGene00007140,X,X,X,X,X,X
WBGene00016147,X,X,X,X,X,X
WBGene00021167,X,X,X,X,X,X
WBGene00015399,X,X,X,X,X,X
WBGene00015400,X,X,X,X,X,X
WBGene00016786,X,X,X,X,X,X
WBGene00019473,X,X,X,X,X,X
WBGene00008499,X,X,X,X,X,X
WBGene00009226,X,X,X,X,X,X
WBGene00007653,X,X,X,X,X,X
WBGene00010759,X,X,X,X,X,X
WBGene00019962,X,X,X,X,X,X
WBGene00019096,X,X,X,X,X,X
WBGene00016996,X,X,X,X,X,X
WBGene00008408,X,X,X,X,X,X
WBGene00008414,X,X,X,X,X,X
WBGene00017060,X,X,X,X,X,X
WBGene00022076,X,X,X,X,X,X
WBGene00000913,X,X,X,X,X,X
WBGene00013284,X,X,X,X,X,X
WBGene00022599,X,X,X,X,X,X
WBGene00000905,X,X,X,X,X,X
WBGene00000929,X,X,X,X,X,X
WBGene00001094,X,X,X,X,X,X
WBGene00001095,X,X,X,X,X,X
WBGene00014054,X,X,X,X,X,X
WBGene00008127,X,X,X,X,X,X
WBGene00017565,X,X,X,X,X,X
WBGene00017648,X,X,X,X,X,X
WBGene00012177,X,X,X,X,X,X
WBGene00011467,X,X,X,X,X,X
WBGene00010296,X,X,X,X,X,X
WBGene00000958,X,X,X,X,X,X
WBGene00000959,X,X,X,X,X,X
WBGene00000960,X,X,X,X,X,X
WBGene00006483,X,X,X,X,X,X
WBGene00019428,X,X,X,X,X,X
WBGene00020910,X,X,X,X,X,X
WBGene00007974,X,X,X,X,X,X
WBGene00020932,X,X,X,X,X,X
WBGene00000963,X,X,X,X,X,X
WBGene00000964,X,X,X,X,X,X
WBGene00010063,X,X,X,X,X,X
WBGene00000976,X,X,X,X,X,X
WBGene00000982,X,X,X,X,X,X
WBGene00000984,X,X,X,X,X,X
WBGene00000988,X,X,X,X,X,X
WBGene00000991,X,X,X,X,X,X
WBGene00000967,X,X,X,X,X,X
WBGene00009082,X,X,X,X,X,X
WBGene00007824,X,X,X,X,X,X
WBGene00010794,X,X,X,X,X,X
WBGene00020950,X,X,X,X,X,X
WBGene00022044,X,X,X,X,X,X
WBGene00009219,X,X,X,X,X,X
WBGene00001077,X,X,X,X,X,X
WBGene00016103,X,X,X,X,X,X
WBGene00011272,X,X,X,X,X,X
WBGene00010609,X,X,X,X,X,X
WBGene00017084,X,X,X,X,X,X
WBGene00001337,X,X,X,X,X,X
WBGene00001338,X,X,X,X,X,X
WBGene00001150,X,X,X,X,X,X
WBGene00020347,X,X,X,X,X,X
WBGene00001152,X,X,X,X,X,X
WBGene00001153,X,X,X,X,X,X
WBGene00001154,X,X,X,X,X,X
WBGene00001155,X,X,X,X,X,X
WBGene00001156,X,X,X,X,X,X
WBGene00001157,X,X,X,X,X,X
WBGene00001158,X,X,X,X,X,X
WBGene00001177,X,X,X,X,X,X
WBGene00001239,X,X,X,X,X,X
WBGene00001240,X,X,X,X,X,X
WBGene00001241,X,X,X,X,X,X
WBGene00001242,X,X,X,X,X,X
WBGene00001243,X,X,X,X,X,X
WBGene00001244,X,X,X,X,X,X
WBGene00001245,X,X,X,X,X,X
WBGene00001247,X,X,X,X,X,X
WBGene00001262,X,X,X,X,X,X
WBGene00011884,X,X,X,X,X,X
WBGene00020139,X,X,X,X,X,X
WBGene00007886,X,X,X,X,X,X
WBGene00008490,X,X,X,X,X,X
WBGene00008504,X,X,X,X,X,X
WBGene00008531,X,X,X,X,X,X
WBGene00008548,X,X,X,X,X,X
WBGene00017262,X,X,X,X,X,X
WBGene00017272,X,X,X,X,X,X
WBGene00017283,X,X,X,X,X,X
WBGene00017316,X,X,X,X,X,X
WBGene00017334,X,X,X,X,X,X
WBGene00008732,X,X,X,X,X,X
WBGene00008776,X,X,X,X,X,X
WBGene00017442,X,X,X,X,X,X
WBGene00008948,X,X,X,X,X,X
WBGene00009006,X,X,X,X,X,X
WBGene00017734,X,X,X,X,X,X
WBGene00017775,X,X,X,X,X,X
WBGene00017777,X,X,X,X,X,X
WBGene00017781,X,X,X,X,X,X
WBGene00009138,X,X,X,X,X,X
WBGene00009146,X,X,X,X,X,X
WBGene00017818,X,X,X,X,X,X
WBGene00009177,X,X,X,X,X,X
WBGene00009187,X,X,X,X,X,X
WBGene00009294,X,X,X,X,X,X
WBGene00017984,X,X,X,X,X,X
WBGene00009334,X,X,X,X,X,X
WBGene00009335,X,X,X,X,X,X
WBGene00017996,X,X,X,X,X,X
WBGene00018036,X,X,X,X,X,X
WBGene00018151,X,X,X,X,X,X
WBGene00009531,X,X,X,X,X,X
WBGene00018174,X,X,X,X,X,X
WBGene00009554,X,X,X,X,X,X
WBGene00009575,X,X,X,X,X,X
WBGene00018286,X,X,X,X,X,X
WBGene00009622,X,X,X,X,X,X
WBGene00009635,X,X,X,X,X,X
WBGene00009636,X,X,X,X,X,X
WBGene00018361,X,X,X,X,X,X
WBGene00018424,X,X,X,X,X,X
WBGene00009712,X,X,X,X,X,X
WBGene00009739,X,X,X,X,X,X
WBGene00009740,X,X,X,X,X,X
WBGene00018610,X,X,X,X,X,X
WBGene00009885,X,X,X,X,X,X
WBGene00009908,X,X,X,X,X,X
WBGene00009925,X,X,X,X,X,X
WBGene00018674,X,X,X,X,X,X
WBGene00009973,X,X,X,X,X,X
WBGene00009980,X,X,X,X,X,X
WBGene00009981,X,X,X,X,X,X
WBGene00018764,X,X,X,X,X,X
WBGene00009992,X,X,X,X,X,X
WBGene00018789,X,X,X,X,X,X
WBGene00010035,X,X,X,X,X,X
WBGene00010052,X,X,X,X,X,X
WBGene00018797,X,X,X,X,X,X
WBGene00018904,X,X,X,X,X,X
WBGene00018996,X,X,X,X,X,X
WBGene00019022,X,X,X,X,X,X
WBGene00019061,X,X,X,X,X,X
WBGene00019055,X,X,X,X,X,X
WBGene00010286,X,X,X,X,X,X
WBGene00019094,X,X,X,X,X,X
WBGene00010308,X,X,X,X,X,X
WBGene00010326,X,X,X,X,X,X
WBGene00019620,X,X,X,X,X,X
WBGene00022200,X,X,X,X,X,X
WBGene00001497,X,X,X,X,X,X
WBGene00013361,X,X,X,X,X,X
WBGene00001498,X,X,X,X,X,X
WBGene00009342,X,X,X,X,X,X
WBGene00001393,X,X,X,X,X,X
WBGene00001394,X,X,X,X,X,X
WBGene00001395,X,X,X,X,X,X
WBGene00001396,X,X,X,X,X,X
WBGene00001397,X,X,X,X,X,X
WBGene00001398,X,X,X,X,X,X
WBGene00001399,X,X,X,X,X,X
WBGene00001404,X,X,X,X,X,X
WBGene00011058,X,X,X,X,X,X
WBGene00011271,X,X,X,X,X,X
WBGene00001476,X,X,X,X,X,X
WBGene00001477,X,X,X,X,X,X
WBGene00001478,X,X,X,X,X,X
WBGene00001479,X,X,X,X,X,X
WBGene00001480,X,X,X,X,X,X
WBGene00019823,X,X,X,X,X,X
WBGene00006465,X,X,X,X,X,X
WBGene00001486,X,X,X,X,X,X
WBGene00001500,X,X,X,X,X,X
WBGene00001501,X,X,X,X,X,X
WBGene00001503,X,X,X,X,X,X
WBGene00001508,X,X,X,X,X,X
WBGene00008132,X,X,X,X,X,X
WBGene00001744,X,X,X,X,X,X
WBGene00001520,X,X,X,X,X,X
WBGene00016335,X,X,X,X,X,X
WBGene00016340,X,X,X,X,X,X
WBGene00008706,X,X,X,X,X,X
WBGene00021160,X,X,X,X,X,X
WBGene00001522,X,X,X,X,X,X
WBGene00001523,X,X,X,X,X,X
WBGene00001527,X,X,X,X,X,X
WBGene00008354,X,X,X,X,X,X
WBGene00009918,X,X,X,X,X,X
WBGene00017765,X,X,X,X,X,X
WBGene00014095,X,X,X,X,X,X
WBGene00008546,X,X,X,X,X,X
WBGene00009035,X,X,X,X,X,X
WBGene00015099,X,X,X,X,X,X
WBGene00020022,X,X,X,X,X,X
WBGene00001602,X,X,X,X,X,X
WBGene00001603,X,X,X,X,X,X
WBGene00001604,X,X,X,X,X,X
WBGene00001606,X,X,X,X,X,X
WBGene00001607,X,X,X,X,X,X
WBGene00007480,X,X,X,X,X,X
WBGene00008435,X,X,X,X,X,X
WBGene00009271,X,X,X,X,X,X
WBGene00006448,X,X,X,X,X,X
WBGene00006936,X,X,X,X,X,X
WBGene00001637,X,X,X,X,X,X
WBGene00001638,X,X,X,X,X,X
WBGene00001639,X,X,X,X,X,X
WBGene00001645,X,X,X,X,X,X
WBGene00010166,X,X,X,X,X,X
WBGene00010912,X,X,X,X,X,X
WBGene00001646,X,X,X,X,X,X
WBGene00001647,X,X,X,X,X,X
WBGene00001649,X,X,X,X,X,X
WBGene00020146,X,X,X,X,X,X
WBGene00016652,X,X,X,X,X,X
WBGene00015778,X,X,X,X,X,X
WBGene00012390,X,X,X,X,X,X
WBGene00001683,X,X,X,X,X,X
WBGene00001684,X,X,X,X,X,X
WBGene00001685,X,X,X,X,X,X
WBGene00001686,X,X,X,X,X,X
WBGene00009824,X,X,X,X,X,X
WBGene00010778,X,X,X,X,X,X
WBGene00013597,X,X,X,X,X,X
WBGene00009165,X,X,X,X,X,X
WBGene00011045,X,X,X,X,X,X
WBGene00007517,X,X,X,X,X,X
WBGene00022377,X,X,X,X,X,X
WBGene00007516,X,X,X,X,X,X
WBGene00019846,X,X,X,X,X,X
WBGene00018850,X,X,X,X,X,X
WBGene00007108,X,X,X,X,X,X
WBGene00008117,X,X,X,X,X,X
WBGene00010941,X,X,X,X,X,X
WBGene00001759,X,X,X,X,X,X
WBGene00001790,X,X,X,X,X,X
WBGene00001791,X,X,X,X,X,X
WBGene00001793,X,X,X,X,X,X
WBGene00001794,X,X,X,X,X,X
WBGene00006863,X,X,X,X,X,X
WBGene00012020,X,X,X,X,X,X
WBGene00019204,X,X,X,X,X,X
WBGene00019235,X,X,X,X,X,X
WBGene00019240,X,X,X,X,X,X
WBGene00019276,X,X,X,X,X,X
WBGene00010595,X,X,X,X,X,X
WBGene00019978,X,X,X,X,X,X
WBGene00017301,X,X,X,X,X,X
WBGene00009813,X,X,X,X,X,X
WBGene00001823,X,X,X,X,X,X
WBGene00002001,X,X,X,X,X,X
WBGene00001839,X,X,X,X,X,X
WBGene00020509,X,X,X,X,X,X
WBGene00015767,X,X,X,X,X,X
WBGene00012663,X,X,X,X,X,X
WBGene00021766,X,X,X,X,X,X
WBGene00013497,X,X,X,X,X,X
WBGene00001843,X,X,X,X,X,X
WBGene00017268,X,X,X,X,X,X
WBGene00017769,X,X,X,X,X,X
WBGene00016704,X,X,X,X,X,X
WBGene00001993,X,X,X,X,X,X
WBGene00012608,X,X,X,X,X,X
WBGene00013670,X,X,X,X,X,X
WBGene00017982,X,X,X,X,X,X
WBGene00020268,X,X,X,X,X,X
WBGene00020517,X,X,X,X,X,X
WBGene00013690,X,X,X,X,X,X
WBGene00012394,X,X,X,X,X,X
WBGene00022498,X,X,X,X,X,X
WBGene00022616,X,X,X,X,X,X
WBGene00010416,X,X,X,X,X,X
WBGene00022306,X,X,X,X,X,X
WBGene00002043,X,X,X,X,X,X
WBGene00002044,X,X,X,X,X,X
WBGene00002152,X,X,X,X,X,X
WBGene00002153,X,X,X,X,X,X
WBGene00017673,X,X,X,X,X,X
WBGene00010317,X,X,X,X,X,X
WBGene00007942,X,X,X,X,X,X
WBGene00009664,X,X,X,X,X,X
WBGene00007993,X,X,X,X,X,X
WBGene00009440,X,X,X,X,X,X
WBGene00016266,X,X,X,X,X,X
WBGene00019460,X,X,X,X,X,X
WBGene00012148,X,X,X,X,X,X
WBGene00012016,X,X,X,X,X,X
WBGene00019001,X,X,X,X,X,X
WBGene00009801,X,X,X,X,X,X
WBGene00012319,X,X,X,X,X,X
WBGene00014081,X,X,X,X,X,X
WBGene00002146,X,X,X,X,X,X
WBGene00002162,X,X,X,X,X,X
WBGene00015326,X,X,X,X,X,X
WBGene00010456,X,X,X,X,X,X
WBGene00019298,X,X,X,X,X,X
WBGene00019404,X,X,X,X,X,X
WBGene00019464,X,X,X,X,X,X
WBGene00019492,X,X,X,X,X,X
WBGene00010665,X,X,X,X,X,X
WBGene00010703,X,X,X,X,X,X
WBGene00010720,X,X,X,X,X,X
WBGene00019604,X,X,X,X,X,X
WBGene00019633,X,X,X,X,X,X
WBGene00002238,X,X,X,X,X,X
WBGene00002183,X,X,X,X,X,X
WBGene00016848,X,X,X,X,X,X
WBGene00017103,X,X,X,X,X,X
WBGene00011089,X,X,X,X,X,X
WBGene00011088,X,X,X,X,X,X
WBGene00015802,X,X,X,X,X,X
WBGene00006505,X,X,X,X,X,X
WBGene00003073,X,X,X,X,X,X
WBGene00003074,X,X,X,X,X,X
WBGene00002262,X,X,X,X,X,X
WBGene00002497,X,X,X,X,X,X
WBGene00002855,X,X,X,X,X,X
WBGene00002879,X,X,X,X,X,X
WBGene00002891,X,X,X,X,X,X
WBGene00002979,X,X,X,X,X,X
WBGene00003031,X,X,X,X,X,X
WBGene00003047,X,X,X,X,X,X
WBGene00017233,X,X,X,X,X,X
WBGene00020141,X,X,X,X,X,X
WBGene00003061,X,X,X,X,X,X
WBGene00010425,X,X,X,X,X,X
WBGene00019710,X,X,X,X,X,X
WBGene00014807,X,X,X,X,X,X
WBGene00010872,X,X,X,X,X,X
WBGene00010924,X,X,X,X,X,X
WBGene00019778,X,X,X,X,X,X
WBGene00008411,X,X,X,X,X,X
WBGene00008258,X,X,X,X,X,X
WBGene00020197,X,X,X,X,X,X
WBGene00013881,X,X,X,X,X,X
WBGene00017123,X,X,X,X,X,X
WBGene00003415,X,X,X,X,X,X
WBGene00010408,X,X,X,X,X,X
WBGene00016934,X,X,X,X,X,X
WBGene00007446,X,X,X,X,X,X
WBGene00020115,X,X,X,X,X,X
WBGene00009319,X,X,X,X,X,X
WBGene00008415,X,X,X,X,X,X
WBGene00015678,X,X,X,X,X,X
WBGene00018491,X,X,X,X,X,X
WBGene00003162,X,X,X,X,X,X
WBGene00012375,X,X,X,X,X,X
WBGene00003214,X,X,X,X,X,X
WBGene00010988,X,X,X,X,X,X
WBGene00014228,X,X,X,X,X,X
WBGene00003225,X,X,X,X,X,X
WBGene00003234,X,X,X,X,X,X
WBGene00003254,X,X,X,X,X,X
WBGene00009439,X,X,X,X,X,X
WBGene00016144,X,X,X,X,X,X
WBGene00014202,X,X,X,X,X,X
WBGene00003384,X,X,X,X,X,X
WBGene00003385,X,X,X,X,X,X
WBGene00018357,X,X,X,X,X,X
WBGene00008775,X,X,X,X,X,X
WBGene00008409,X,X,X,X,X,X
WBGene00010380,X,X,X,X,X,X
WBGene00010383,X,X,X,X,X,X
WBGene00017387,X,X,X,X,X,X
WBGene00022006,X,X,X,X,X,X
WBGene00022007,X,X,X,X,X,X
WBGene00011307,X,X,X,X,X,X
WBGene00015512,X,X,X,X,X,X
WBGene00006510,X,X,X,X,X,X
WBGene00021534,X,X,X,X,X,X
WBGene00003815,X,X,X,X,X,X
WBGene00013447,X,X,X,X,X,X
WBGene00010958,X,X,X,X,X,X
WBGene00009119,X,X,X,X,X,X
WBGene00006463,X,X,X,X,X,X
WBGene00021839,X,X,X,X,X,X
WBGene00009051,X,X,X,X,X,X
WBGene00012376,X,X,X,X,X,X
WBGene00010959,X,X,X,X,X,X
WBGene00010961,X,X,X,X,X,X
WBGene00010966,X,X,X,X,X,X
WBGene00010963,X,X,X,X,X,X
WBGene00010967,X,X,X,X,X,X
WBGene00010957,X,X,X,X,X,X
WBGene00003579,X,X,X,X,X,X
WBGene00003583,X,X,X,X,X,X
WBGene00014206,X,X,X,X,X,X
WBGene00009232,X,X,X,X,X,X
WBGene00003773,X,X,X,X,X,X
WBGene00012295,X,X,X,X,X,X
WBGene00009176,X,X,X,X,X,X
WBGene00020842,X,X,X,X,X,X
WBGene00003778,X,X,X,X,X,X
WBGene00021882,X,X,X,X,X,X
WBGene00013151,X,X,X,X,X,X
WBGene00003831,X,X,X,X,X,X
WBGene00020417,X,X,X,X,X,X
WBGene00013308,X,X,X,X,X,X
WBGene00019401,X,X,X,X,X,X
WBGene00021562,X,X,X,X,X,X
WBGene00012166,X,X,X,X,X,X
WBGene00015814,X,X,X,X,X,X
WBGene00007620,X,X,X,X,X,X
WBGene00003844,X,X,X,X,X,X
WBGene00020679,X,X,X,X,X,X
WBGene00014098,X,X,X,X,X,X
WBGene00015116,X,X,X,X,X,X
WBGene00003906,X,X,X,X,X,X
WBGene00003907,X,X,X,X,X,X
WBGene00000240,X,X,X,X,X,X
WBGene00004051,X,X,X,X,X,X
WBGene00004052,X,X,X,X,X,X
WBGene00004189,X,X,X,X,X,X
WBGene00004190,X,X,X,X,X,X
WBGene00020397,X,X,X,X,X,X
WBGene00017864,X,X,X,X,X,X
WBGene00018701,X,X,X,X,X,X
WBGene00021043,X,X,X,X,X,X
WBGene00011232,X,X,X,X,X,X
WBGene00019151,X,X,X,X,X,X
WBGene00003960,X,X,X,X,X,X
WBGene00017241,X,X,X,X,X,X
WBGene00021352,X,X,X,X,X,X
WBGene00016531,X,X,X,X,X,X
WBGene00011433,X,X,X,X,X,X
WBGene00011146,X,X,X,X,X,X
WBGene00008443,X,X,X,X,X,X
WBGene00020114,X,X,X,X,X,X
WBGene00016328,X,X,X,X,X,X
WBGene00022389,X,X,X,X,X,X
WBGene00011510,X,X,X,X,X,X
WBGene00015413,X,X,X,X,X,X
WBGene00003962,X,X,X,X,X,X
WBGene00003963,X,X,X,X,X,X
WBGene00003964,X,X,X,X,X,X
WBGene00015168,X,X,X,X,X,X
WBGene00019008,X,X,X,X,X,X
WBGene00008654,X,X,X,X,X,X
WBGene00008230,X,X,X,X,X,X
WBGene00022456,X,X,X,X,X,X
WBGene00019295,X,X,X,X,X,X
WBGene00011239,X,X,X,X,X,X
WBGene00020185,X,X,X,X,X,X
WBGene00021677,X,X,X,X,X,X
WBGene00004020,X,X,X,X,X,X
WBGene00007328,X,X,X,X,X,X
WBGene00007331,X,X,X,X,X,X
WBGene00020471,X,X,X,X,X,X
WBGene00004023,X,X,X,X,X,X
WBGene00015161,X,X,X,X,X,X
WBGene00018696,X,X,X,X,X,X
WBGene00011879,X,X,X,X,X,X
WBGene00011262,X,X,X,X,X,X
WBGene00022181,X,X,X,X,X,X
WBGene00004025,X,X,X,X,X,X
WBGene00004026,X,X,X,X,X,X
WBGene00012815,X,X,X,X,X,X
WBGene00018076,X,X,X,X,X,X
WBGene00008431,X,X,X,X,X,X
WBGene00009552,X,X,X,X,X,X
WBGene00012897,X,X,X,X,X,X
WBGene00004036,X,X,X,X,X,X
WBGene00004037,X,X,X,X,X,X
WBGene00004038,X,X,X,X,X,X
WBGene00004039,X,X,X,X,X,X
WBGene00004040,X,X,X,X,X,X
WBGene00018756,X,X,X,X,X,X
WBGene00020895,X,X,X,X,X,X
WBGene00008749,X,X,X,X,X,X
WBGene00022781,X,X,X,X,X,X
WBGene00018811,X,X,X,X,X,X
WBGene00021395,X,X,X,X,X,X
WBGene00013336,X,X,X,X,X,X
WBGene00010160,X,X,X,X,X,X
WBGene00004068,X,X,X,X,X,X
WBGene00006862,X,X,X,X,X,X
WBGene00004076,X,X,X,X,X,X
WBGene00011407,X,X,X,X,X,X
WBGene00004087,X,X,X,X,X,X
WBGene00004088,X,X,X,X,X,X
WBGene00004089,X,X,X,X,X,X
WBGene00004091,X,X,X,X,X,X
WBGene00004092,X,X,X,X,X,X
WBGene00006434,X,X,X,X,X,X
WBGene00011110,X,X,X,X,X,X
WBGene00021401,X,X,X,X,X,X
WBGene00006946,X,X,X,X,X,X
WBGene00015159,X,X,X,X,X,X
WBGene00013920,X,X,X,X,X,X
WBGene00013041,X,X,X,X,X,X
WBGene00015010,X,X,X,X,X,X
WBGene00004248,X,X,X,X,X,X
WBGene00004258,X,X,X,X,X,X
WBGene00009126,X,X,X,X,X,X
WBGene00014001,X,X,X,X,X,X
WBGene00008149,X,X,X,X,X,X
WBGene00004259,X,X,X,X,X,X
WBGene00001336,X,X,X,X,X,X
WBGene00011398,X,X,X,X,X,X
WBGene00007698,X,X,X,X,X,X
WBGene00010975,X,X,X,X,X,X
WBGene00019867,X,X,X,X,X,X
WBGene00011003,X,X,X,X,X,X
WBGene00011004,X,X,X,X,X,X
WBGene00011015,X,X,X,X,X,X
WBGene00011037,X,X,X,X,X,X
WBGene00019880,X,X,X,X,X,X
WBGene00019937,X,X,X,X,X,X
WBGene00011128,X,X,X,X,X,X
WBGene00011147,X,X,X,X,X,X
WBGene00019965,X,X,X,X,X,X
WBGene00011170,X,X,X,X,X,X
WBGene00011291,X,X,X,X,X,X
WBGene00011196,X,X,X,X,X,X
WBGene00011224,X,X,X,X,X,X
WBGene00020007,X,X,X,X,X,X
WBGene00020036,X,X,X,X,X,X
WBGene00020107,X,X,X,X,X,X
WBGene00011273,X,X,X,X,X,X
WBGene00004679,X,X,X,X,X,X
WBGene00004680,X,X,X,X,X,X
WBGene00004391,X,X,X,X,X,X
WBGene00004392,X,X,X,X,X,X
WBGene00015101,X,X,X,X,X,X
WBGene00008205,X,X,X,X,X,X
WBGene00015538,X,X,X,X,X,X
WBGene00015540,X,X,X,X,X,X
WBGene00006416,X,X,X,X,X,X
WBGene00005663,X,X,X,X,X,X
WBGene00005662,X,X,X,X,X,X
WBGene00015391,X,X,X,X,X,X
WBGene00016392,X,X,X,X,X,X
WBGene00006433,X,X,X,X,X,X
WBGene00009353,X,X,X,X,X,X
WBGene00008379,X,X,X,X,X,X
WBGene00012867,X,X,X,X,X,X
WBGene00004875,X,X,X,X,X,X
WBGene00004892,X,X,X,X,X,X
WBGene00004893,X,X,X,X,X,X
WBGene00004894,X,X,X,X,X,X
WBGene00004930,X,X,X,X,X,X
WBGene00004931,X,X,X,X,X,X
WBGene00004932,X,X,X,X,X,X
WBGene00004933,X,X,X,X,X,X
WBGene00007036,X,X,X,X,X,X
WBGene00010791,X,X,X,X,X,X
WBGene00012909,X,X,X,X,X,X
WBGene00004959,X,X,X,X,X,X
WBGene00007918,X,X,X,X,X,X
WBGene00004981,X,X,X,X,X,X
WBGene00016020,X,X,X,X,X,X
WBGene00018398,X,X,X,X,X,X
WBGene00011932,X,X,X,X,X,X
WBGene00008538,X,X,X,X,X,X
WBGene00005019,X,X,X,X,X,X
WBGene00005022,X,X,X,X,X,X
WBGene00020437,X,X,X,X,X,X
WBGene00009812,X,X,X,X,X,X
WBGene00016844,X,X,X,X,X,X
WBGene00007350,X,X,X,X,X,X
WBGene00017759,X,X,X,X,X,X
WBGene00010397,X,X,X,X,X,X
WBGene00015334,X,X,X,X,X,X
WBGene00006351,X,X,X,X,X,X
WBGene00020149,X,X,X,X,X,X
WBGene00044025,X,X,X,X,X,X
WBGene00020166,X,X,X,X,X,X
WBGene00020181,X,X,X,X,X,X
WBGene00011393,X,X,X,X,X,X
WBGene00011399,X,X,X,X,X,X
WBGene00020195,X,X,X,X,X,X
WBGene00020256,X,X,X,X,X,X
WBGene00020258,X,X,X,X,X,X
WBGene00011500,X,X,X,X,X,X
WBGene00020267,X,X,X,X,X,X
WBGene00020270,X,X,X,X,X,X
WBGene00020369,X,X,X,X,X,X
WBGene00020382,X,X,X,X,X,X
WBGene00020436,X,X,X,X,X,X
WBGene00020446,X,X,X,X,X,X
WBGene00020491,X,X,X,X,X,X
WBGene00020557,X,X,X,X,X,X
WBGene00020590,X,X,X,X,X,X
WBGene00044807,X,X,X,X,X,X
WBGene00011850,X,X,X,X,X,X
WBGene00011860,X,X,X,X,X,X
WBGene00020636,X,X,X,X,X,X
WBGene00011893,X,X,X,X,X,X
WBGene00020658,X,X,X,X,X,X
WBGene00020682,X,X,X,X,X,X
WBGene00011929,X,X,X,X,X,X
WBGene00020765,X,X,X,X,X,X
WBGene00012007,X,X,X,X,X,X
WBGene00012015,X,X,X,X,X,X
WBGene00012017,X,X,X,X,X,X
WBGene00020797,X,X,X,X,X,X
WBGene00012031,X,X,X,X,X,X
WBGene00012040,X,X,X,X,X,X
WBGene00012057,X,X,X,X,X,X
WBGene00012094,X,X,X,X,X,X
WBGene00012105,X,X,X,X,X,X
WBGene00012131,X,X,X,X,X,X
WBGene00007043,X,X,X,X,X,X
WBGene00016583,X,X,X,X,X,X
WBGene00006418,X,X,X,X,X,X
WBGene00006461,X,X,X,X,X,X
WBGene00021286,X,X,X,X,X,X
WBGene00006617,X,X,X,X,X,X
WBGene00009628,X,X,X,X,X,X
WBGene00006541,X,X,X,X,X,X
WBGene00006562,X,X,X,X,X,X
WBGene00016201,X,X,X,X,X,X
WBGene00006568,X,X,X,X,X,X
WBGene00008506,X,X,X,X,X,X
WBGene00006600,X,X,X,X,X,X
WBGene00006601,X,X,X,X,X,X
WBGene00014027,X,X,X,X,X,X
WBGene00006602,X,X,X,X,X,X
WBGene00006607,X,X,X,X,X,X
WBGene00006608,X,X,X,X,X,X
WBGene00006609,X,X,X,X,X,X
WBGene00006610,X,X,X,X,X,X
WBGene00006611,X,X,X,X,X,X
WBGene00015553,X,X,X,X,X,X
WBGene00014028,X,X,X,X,X,X
WBGene00013197,X,X,X,X,X,X
WBGene00008765,X,X,X,X,X,X
WBGene00022455,X,X,X,X,X,X
WBGene00015332,X,X,X,X,X,X
WBGene00010661,X,X,X,X,X,X
WBGene00009001,X,X,X,X,X,X
WBGene00016419,X,X,X,X,X,X
WBGene00021553,X,X,X,X,X,X
WBGene00022231,X,X,X,X,X,X
WBGene00019007,X,X,X,X,X,X
WBGene00012158,X,X,X,X,X,X
WBGene00011679,X,X,X,X,X,X
WBGene00020757,X,X,X,X,X,X
WBGene00010697,X,X,X,X,X,X
WBGene00007072,X,X,X,X,X,X
WBGene00020594,X,X,X,X,X,X
WBGene00020593,X,X,X,X,X,X
WBGene00020592,X,X,X,X,X,X
WBGene00019232,X,X,X,X,X,X
WBGene00019233,X,X,X,X,X,X
WBGene00008097,X,X,X,X,X,X
WBGene00013901,X,X,X,X,X,X
WBGene00007422,X,X,X,X,X,X
WBGene00013900,X,X,X,X,X,X
WBGene00019515,X,X,X,X,X,X
WBGene00007073,X,X,X,X,X,X
WBGene00019516,X,X,X,X,X,X
WBGene00007885,X,X,X,X,X,X
WBGene00007455,X,X,X,X,X,X
WBGene00007650,X,X,X,X,X,X
WBGene00016762,X,X,X,X,X,X
WBGene00015692,X,X,X,X,X,X
WBGene00015695,X,X,X,X,X,X
WBGene00015694,X,X,X,X,X,X
WBGene00021709,X,X,X,X,X,X
WBGene00013903,X,X,X,X,X,X
WBGene00011340,X,X,X,X,X,X
WBGene00021464,X,X,X,X,X,X
WBGene00018543,X,X,X,X,X,X
WBGene00007946,X,X,X,X,X,X
WBGene00009255,X,X,X,X,X,X
WBGene00017315,X,X,X,X,X,X
WBGene00017332,X,X,X,X,X,X
WBGene00017333,X,X,X,X,X,X
WBGene00017329,X,X,X,X,X,X
WBGene00013905,X,X,X,X,X,X
WBGene00017331,X,X,X,X,X,X
WBGene00017336,X,X,X,X,X,X
WBGene00017959,X,X,X,X,X,X
WBGene00008485,X,X,X,X,X,X
WBGene00008486,X,X,X,X,X,X
WBGene00021372,X,X,X,X,X,X
WBGene00015141,X,X,X,X,X,X
WBGene00011006,X,X,X,X,X,X
WBGene00015965,X,X,X,X,X,X
WBGene00007070,X,X,X,X,X,X
WBGene00013906,X,X,X,X,X,X
WBGene00011564,X,X,X,X,X,X
WBGene00015369,X,X,X,X,X,X
WBGene00018931,X,X,X,X,X,X
WBGene00020182,X,X,X,X,X,X
WBGene00012013,X,X,X,X,X,X
WBGene00011452,X,X,X,X,X,X
WBGene00011453,X,X,X,X,X,X
WBGene00009450,X,X,X,X,X,X
WBGene00011238,X,X,X,X,X,X
WBGene00013904,X,X,X,X,X,X
WBGene00007402,X,X,X,X,X,X
WBGene00018206,X,X,X,X,X,X
WBGene00010904,X,X,X,X,X,X
WBGene00015449,X,X,X,X,X,X
WBGene00015577,X,X,X,X,X,X
WBGene00008583,X,X,X,X,X,X
WBGene00015739,X,X,X,X,X,X
WBGene00019234,X,X,X,X,X,X
WBGene00020587,X,X,X,X,X,X
WBGene00011559,X,X,X,X,X,X
WBGene00006762,X,X,X,X,X,X
WBGene00006763,X,X,X,X,X,X
WBGene00006768,X,X,X,X,X,X
WBGene00017440,X,X,X,X,X,X
WBGene00022817,X,X,X,X,X,X
WBGene00006935,X,X,X,X,X,X
WBGene00006910,X,X,X,X,X,X
WBGene00006919,X,X,X,X,X,X
WBGene00006920,X,X,X,X,X,X
WBGene00006921,X,X,X,X,X,X
WBGene00013025,X,X,X,X,X,X
WBGene00010130,X,X,X,X,X,X
WBGene00020507,X,X,X,X,X,X
WBGene00009882,X,X,X,X,X,X
WBGene00018698,X,X,X,X,X,X
WBGene00021952,X,X,X,X,X,X
WBGene00006911,X,X,X,X,X,X
WBGene00006912,X,X,X,X,X,X
WBGene00006913,X,X,X,X,X,X
WBGene00006914,X,X,X,X,X,X
WBGene00006915,X,X,X,X,X,X
WBGene00006916,X,X,X,X,X,X
WBGene00006917,X,X,X,X,X,X
WBGene00006918,X,X,X,X,X,X
WBGene00006932,X,X,X,X,X,X
WBGene00020947,X,X,X,X,X,X
WBGene00020962,X,X,X,X,X,X
WBGene00020989,X,X,X,X,X,X
WBGene00021057,X,X,X,X,X,X
WBGene00012326,X,X,X,X,X,X
WBGene00021075,X,X,X,X,X,X
WBGene00006945,X,X,X,X,X,X
WBGene00010083,X,X,X,X,X,X
WBGene00013646,X,X,X,X,X,X
WBGene00013678,X,X,X,X,X,X
WBGene00013708,X,X,X,X,X,X
WBGene00012423,X,X,X,X,X,X
WBGene00012459,X,X,X,X,X,X
WBGene00044734,X,X,X,X,X,X
WBGene00021430,X,X,X,X,X,X
WBGene00012666,X,X,X,X,X,X
WBGene00012722,X,X,X,X,X,X
WBGene00012723,X,X,X,X,X,X
WBGene00021508,X,X,X,X,X,X
WBGene00012799,X,X,X,X,X,X
WBGene00012803,X,X,X,X,X,X
WBGene00012855,X,X,X,X,X,X
WBGene00012885,X,X,X,X,X,X
WBGene00021564,X,X,X,X,X,X
WBGene00021628,X,X,X,X,X,X
WBGene00012970,X,X,X,X,X,X
WBGene00012984,X,X,X,X,X,X
WBGene00013002,X,X,X,X,X,X
WBGene00013018,X,X,X,X,X,X
WBGene00021692,X,X,X,X,X,X
WBGene00013030,X,X,X,X,X,X
WBGene00013049,X,X,X,X,X,X
WBGene00013080,X,X,X,X,X,X
WBGene00013094,X,X,X,X,X,X
WBGene00013103,X,X,X,X,X,X
WBGene00021787,X,X,X,X,X,X
WBGene00013131,X,X,X,X,X,X
WBGene00021800,X,X,X,X,X,X
WBGene00021817,X,X,X,X,X,X
WBGene00021818,X,X,X,X,X,X
WBGene00021849,X,X,X,X,X,X
WBGene00013237,X,X,X,X,X,X
WBGene00044233,X,X,X,X,X,X
WBGene00013301,X,X,X,X,X,X
WBGene00013379,X,X,X,X,X,X
WBGene00013406,X,X,X,X,X,X
WBGene00022031,X,X,X,X,X,X
WBGene00013433,X,X,X,X,X,X
WBGene00044468,X,X,X,X,X,X
WBGene00022089,X,X,X,X,X,X
WBGene00022150,X,X,X,X,X,X
WBGene00022201,X,X,X,X,X,X
WBGene00022167,X,X,X,X,X,X
WBGene00022169,X,X,X,X,X,X
WBGene00022171,X,X,X,X,X,X
WBGene00022250,X,X,X,X,X,X
WBGene00013557,X,X,X,X,X,X
WBGene00013577,X,X,X,X,X,X
WBGene00012416,X,X,X,X,X,X
WBGene00022336,X,X,X,X,X,X
WBGene00022379,X,X,X,X,X,X
WBGene00022397,X,X,X,X,X,X
WBGene00013677,X,X,X,X,X,X
WBGene00006968,X,X,X,X,X,X
WBGene00022532,X,X,X,X,X,X
WBGene00022582,X,X,X,X,X,X
WBGene00013870,X,X,X,X,X,X
WBGene00013896,X,X,X,X,X,X
WBGene00022629,X,X,X,X,X,X
WBGene00022501,X,X,X,X,X,X
WBGene00014203,X,X,X,X,X,X
WBGene00022718,X,X,X,X,X,X
WBGene00044355,X,X,X,X,X,X
WBGene00014013,X,X,X,X,X,X
WBGene00014034,X,X,X,X,X,X
WBGene00014058,X,X,X,X,X,X
WBGene00014076,X,X,X,X,X,X
WBGene00014086,X,X,X,X,X,X
WBGene00014128,X,X,X,X,X,X
WBGene00022836,X,X,X,X,X,X
WBGene00013220,X,X,X,X,X,X
WBGene00020190,X,X,X,X,X,X
WBGene00020596,X,X,X,X,X,X
WBGene00008908,X,X,X,X,X,X
WBGene00044286,X,X,X,X,X,X
WBGene00077688,X,X,X,X,X,X
WBGene00020419,X,X,X,X,X,X
WBGene00006491,X,X,X,X,X,X
WBGene00008669,X,X,X,X,X,X
WBGene00018877,X,X,X,X,X,X
WBGene00018594,X,X,X,X,X,X
WBGene00009706,X,X,X,X,X,X
WBGene00010615,X,X,X,X,X,X
WBGene00007189,X,X,X,X,X,X
WBGene00015483,X,X,X,X,X,X
WBGene00044044,X,X,X,X,X,X
WBGene00015781,X,X,X,X,X,X
WBGene00015793,X,X,X,X,X,X
WBGene00016062,X,X,X,X,X,X
WBGene00007745,X,X,X,X,X,X
WBGene00016159,X,X,X,X,X,X
WBGene00007825,X,X,X,X,X,X
WBGene00016316,X,X,X,X,X,X
WBGene00007904,X,X,X,X,X,X
WBGene00016435,X,X,X,X,X,X
WBGene00008019,X,X,X,X,X,X
WBGene00001590,X,X,X,X,X,X
WBGene00008220,X,X,X,X,X,X
WBGene00016812,X,X,X,X,X,X
WBGene00016863,X,X,X,X,X,X
WBGene00194707,X,X,X,X,X,X
WBGene00011923,X,X,X,X,X,X
WBGene00012354,X,X,X,X,X,X
WBGene00008426,X,X,X,X,X,X
WBGene00000923,X,X,X,X,X,X
WBGene00007536,X,X,X,X,X,X
WBGene00012460,X,X,X,X,X,X
WBGene00000974,X,X,X,X,X,X
WBGene00007555,X,X,X,X,X,X
WBGene00007576,X,X,X,X,X,X
WBGene00009902,X,X,X,X,X,X
WBGene00018771,X,X,X,X,X,X
WBGene00017087,X,X,X,X,X,X
WBGene00008455,X,X,X,X,X,X
WBGene00001246,X,X,X,X,X,X
WBGene00008667,X,X,X,X,X,X
WBGene00008743,X,X,X,X,X,X
WBGene00017431,X,X,X,X,X,X
WBGene00219316,X,X,X,X,X,X
WBGene00009159,X,X,X,X,X,X
WBGene00017921,X,X,X,X,X,X
WBGene00009262,X,X,X,X,X,X
WBGene00009343,X,X,X,X,X,X
WBGene00018419,X,X,X,X,X,X
WBGene00018508,X,X,X,X,X,X
WBGene00018519,X,X,X,X,X,X
WBGene00018533,X,X,X,X,X,X
WBGene00009903,X,X,X,X,X,X
WBGene00018718,X,X,X,X,X,X
WBGene00018911,X,X,X,X,X,X
WBGene00018912,X,X,X,X,X,X
WBGene00018955,X,X,X,X,X,X
WBGene00015047,X,X,X,X,X,X
WBGene00015048,X,X,X,X,X,X
WBGene00019068,X,X,X,X,X,X
WBGene00013232,X,X,X,X,X,X
WBGene00013226,X,X,X,X,X,X
WBGene00012750,X,X,X,X,X,X
WBGene00010645,X,X,X,X,X,X
WBGene00001505,X,X,X,X,X,X
WBGene00019763,X,X,X,X,X,X
WBGene00020082,X,X,X,X,X,X
WBGene00007954,X,X,X,X,X,X
WBGene00001578,X,X,X,X,X,X
WBGene00011650,X,X,X,X,X,X
WBGene00008479,X,X,X,X,X,X
WBGene00011781,X,X,X,X,X,X
WBGene00008160,X,X,X,X,X,X
WBGene00008293,X,X,X,X,X,X
WBGene00019546,X,X,X,X,X,X
WBGene00019154,X,X,X,X,X,X
WBGene00001626,X,X,X,X,X,X
WBGene00001635,X,X,X,X,X,X
WBGene00001636,X,X,X,X,X,X
WBGene00001640,X,X,X,X,X,X
WBGene00001641,X,X,X,X,X,X
WBGene00001642,X,X,X,X,X,X
WBGene00001627,X,X,X,X,X,X
WBGene00001628,X,X,X,X,X,X
WBGene00001629,X,X,X,X,X,X
WBGene00001630,X,X,X,X,X,X
WBGene00001631,X,X,X,X,X,X
WBGene00001632,X,X,X,X,X,X
WBGene00001633,X,X,X,X,X,X
WBGene00012934,X,X,X,X,X,X
WBGene00020373,X,X,X,X,X,X
WBGene00001740,X,X,X,X,X,X
WBGene00001749,X,X,X,X,X,X
WBGene00001758,X,X,X,X,X,X
WBGene00001750,X,X,X,X,X,X
WBGene00001771,X,X,X,X,X,X
WBGene00001751,X,X,X,X,X,X
WBGene00001778,X,X,X,X,X,X
WBGene00001784,X,X,X,X,X,X
WBGene00001786,X,X,X,X,X,X
WBGene00001752,X,X,X,X,X,X
WBGene00001789,X,X,X,X,X,X
WBGene00001792,X,X,X,X,X,X
WBGene00001753,X,X,X,X,X,X
WBGene00001754,X,X,X,X,X,X
WBGene00001755,X,X,X,X,X,X
WBGene00001756,X,X,X,X,X,X
WBGene00014251,X,X,X,X,X,X
WBGene00017054,X,X,X,X,X,X
WBGene00016204,X,X,X,X,X,X
WBGene00015337,X,X,X,X,X,X
WBGene00019636,X,X,X,X,X,X
WBGene00010386,X,X,X,X,X,X
WBGene00010418,X,X,X,X,X,X
WBGene00022447,X,X,X,X,X,X
WBGene00021754,X,X,X,X,X,X
WBGene00010089,X,X,X,X,X,X
WBGene00002003,X,X,X,X,X,X
WBGene00002030,X,X,X,X,X,X
WBGene00044303,X,X,X,X,X,X
WBGene00012466,X,X,X,X,X,X
WBGene00010722,X,X,X,X,X,X
WBGene00010062,X,X,X,X,X,X
WBGene00020016,X,X,X,X,X,X
WBGene00022642,X,X,X,X,X,X
WBGene00010809,X,X,X,X,X,X
WBGene00010911,X,X,X,X,X,X
WBGene00019786,X,X,X,X,X,X
WBGene00007174,X,X,X,X,X,X
WBGene00008806,X,X,X,X,X,X
WBGene00003170,X,X,X,X,X,X
WBGene00003253,X,X,X,X,X,X
WBGene00018393,X,X,X,X,X,X
WBGene00022394,X,X,X,X,X,X
WBGene00003578,X,X,X,X,X,X
WBGene00003581,X,X,X,X,X,X
WBGene00003586,X,X,X,X,X,X
WBGene00003594,X,X,X,X,X,X
WBGene00010984,X,X,X,X,X,X
WBGene00020549,X,X,X,X,X,X
WBGene00003818,X,X,X,X,X,X
WBGene00003858,X,X,X,X,X,X
WBGene00010757,X,X,X,X,X,X
WBGene00020556,X,X,X,X,X,X
WBGene00008936,X,X,X,X,X,X
WBGene00003954,X,X,X,X,X,X
WBGene00022719,X,X,X,X,X,X
WBGene00003966,X,X,X,X,X,X
WBGene00022832,X,X,X,X,X,X
WBGene00022144,X,X,X,X,X,X
WBGene00021840,X,X,X,X,X,X
WBGene00020375,X,X,X,X,X,X
WBGene00010775,X,X,X,X,X,X
WBGene00017089,X,X,X,X,X,X
WBGene00077701,X,X,X,X,X,X
WBGene00044697,X,X,X,X,X,X
WBGene00019838,X,X,X,X,X,X
WBGene00011181,X,X,X,X,X,X
WBGene00011298,X,X,X,X,X,X
WBGene00020089,X,X,X,X,X,X
WBGene00004360,X,X,X,X,X,X
WBGene00004361,X,X,X,X,X,X
WBGene00004736,X,X,X,X,X,X
WBGene00005020,X,X,X,X,X,X
WBGene00005021,X,X,X,X,X,X
WBGene00005023,X,X,X,X,X,X
WBGene00005024,X,X,X,X,X,X
WBGene00005026,X,X,X,X,X,X
WBGene00019198,X,X,X,X,X,X
WBGene00020215,X,X,X,X,X,X
WBGene00020613,X,X,X,X,X,X
WBGene00194986,X,X,X,X,X,X
WBGene00012142,X,X,X,X,X,X
WBGene00006447,X,X,X,X,X,X
WBGene00006566,X,X,X,X,X,X
WBGene00006567,X,X,X,X,X,X
WBGene00013737,X,X,X,X,X,X
WBGene00018365,X,X,X,X,X,X
WBGene00020909,X,X,X,X,X,X
WBGene00012225,X,X,X,X,X,X
WBGene00012363,X,X,X,X,X,X
WBGene00021128,X,X,X,X,X,X
WBGene00013654,X,X,X,X,X,X
WBGene00012476,X,X,X,X,X,X
WBGene00021355,X,X,X,X,X,X
WBGene00021566,X,X,X,X,X,X
WBGene00021750,X,X,X,X,X,X
WBGene00013376,X,X,X,X,X,X
WBGene00012407,X,X,X,X,X,X
WBGene00022366,X,X,X,X,X,X
WBGene00021183,X,X,X,X,X,X
WBGene00022576,X,X,X,X,X,X
WBGene00013894,X,X,X,X,X,X
WBGene00013999,X,X,X,X,X,X
WBGene00014000,X,X,X,X,X,X
WBGene00022808,X,X,X,X,X,X
WBGene00014148,X,X,X,X,X,X
WBGene00018269,X,X,X,X,X,X
WBGene00043097,X,X,X,X,X,X
WBGene00009316,X,X,X,X,X,X
WBGene00011029,X,X,X,X,X,X
WBGene00021927,X,X,X,X,X,X
WBGene00013358,X,X,X,X,X,X
WBGene00016644,X,X,X,X,X,X
WBGene00016506,X,X,X,X,X,X
WBGene00016507,X,X,X,X,X,X
WBGene00016655,X,X,X,X,X,X
WBGene00009818,X,X,X,X,X,X
WBGene00018949,X,X,X,X,X,X
WBGene00011731,X,X,X,X,X,X
WBGene00012457,X,X,X,X,X,X
WBGene00044603,X,X,X,X,X,X
WBGene00012860,X,X,X,X,X,X
WBGene00001566,X,X,X,X,X,X
WBGene00016491,X,X,X,X,X,X
WBGene00015335,X,X,X,X,X,X
WBGene00019599,X,X,X,X,X,X
WBGene00000037,X,X,X,X,X,X
WBGene00015295,X,X,X,X,X,X
WBGene00017427,X,X,X,X,X,X
WBGene00022245,X,X,X,X,X,X
WBGene00018488,X,X,X,X,X,X
WBGene00007082,X,X,X,X,X,X
WBGene00009106,X,X,X,X,X,X
WBGene00018579,X,X,X,X,X,X
WBGene00016849,X,X,X,X,X,X
WBGene00007228,X,X,X,X,X,X
WBGene00020634,X,X,X,X,X,X
WBGene00000079,X,X,X,X,X,X
WBGene00000080,X,X,X,X,X,X
WBGene00012866,X,X,X,X,X,X
WBGene00045192,X,X,X,X,X,X
WBGene00000116,X,X,X,X,X,X
WBGene00000117,X,X,X,X,X,X
WBGene00000139,X,X,X,X,X,X
WBGene00018340,X,X,X,X,X,X
WBGene00010015,X,X,X,X,X,X
WBGene00020275,X,X,X,X,X,X
WBGene00007101,X,X,X,X,X,X
WBGene00007104,X,X,X,X,X,X
WBGene00007096,X,X,X,X,X,X
WBGene00007113,X,X,X,X,X,X
WBGene00044290,X,X,X,X,X,X
WBGene00015019,X,X,X,X,X,X
WBGene00015067,X,X,X,X,X,X
WBGene00015071,X,X,X,X,X,X
WBGene00007143,X,X,X,X,X,X
WBGene00007145,X,X,X,X,X,X
WBGene00015202,X,X,X,X,X,X
WBGene00015238,X,X,X,X,X,X
WBGene00015241,X,X,X,X,X,X
WBGene00007202,X,X,X,X,X,X
WBGene00008491,X,X,X,X,X,X
WBGene00017723,X,X,X,X,X,X
WBGene00009032,X,X,X,X,X,X
WBGene00015982,X,X,X,X,X,X
WBGene00010694,X,X,X,X,X,X
WBGene00010167,X,X,X,X,X,X
WBGene00011779,X,X,X,X,X,X
WBGene00008290,X,X,X,X,X,X
WBGene00009512,X,X,X,X,X,X
WBGene00000259,X,X,X,X,X,X
WBGene00000267,X,X,X,X,X,X
WBGene00000268,X,X,X,X,X,X
WBGene00000270,X,X,X,X,X,X
WBGene00044617,X,X,X,X,X,X
WBGene00044630,X,X,X,X,X,X
WBGene00044618,X,X,X,X,X,X
WBGene00044620,X,X,X,X,X,X
WBGene00044623,X,X,X,X,X,X
WBGene00015284,X,X,X,X,X,X
WBGene00015279,X,X,X,X,X,X
WBGene00015283,X,X,X,X,X,X
WBGene00007234,X,X,X,X,X,X
WBGene00007245,X,X,X,X,X,X
WBGene00015307,X,X,X,X,X,X
WBGene00007254,X,X,X,X,X,X
WBGene00015336,X,X,X,X,X,X
WBGene00015361,X,X,X,X,X,X
WBGene00007284,X,X,X,X,X,X
WBGene00015406,X,X,X,X,X,X
WBGene00015423,X,X,X,X,X,X
WBGene00015460,X,X,X,X,X,X
WBGene00015481,X,X,X,X,X,X
WBGene00007339,X,X,X,X,X,X
WBGene00007369,X,X,X,X,X,X
WBGene00015522,X,X,X,X,X,X
WBGene00015532,X,X,X,X,X,X
WBGene00015535,X,X,X,X,X,X
WBGene00015564,X,X,X,X,X,X
WBGene00007418,X,X,X,X,X,X
WBGene00007438,X,X,X,X,X,X
WBGene00015635,X,X,X,X,X,X
WBGene00007508,X,X,X,X,X,X
WBGene00007545,X,X,X,X,X,X
WBGene00015755,X,X,X,X,X,X
WBGene00015754,X,X,X,X,X,X
WBGene00015757,X,X,X,X,X,X
WBGene00015775,X,X,X,X,X,X
WBGene00007593,X,X,X,X,X,X
WBGene00015783,X,X,X,X,X,X
WBGene00015788,X,X,X,X,X,X
WBGene00015861,X,X,X,X,X,X
WBGene00015871,X,X,X,X,X,X
WBGene00015872,X,X,X,X,X,X
WBGene00015915,X,X,X,X,X,X
WBGene00015930,X,X,X,X,X,X
WBGene00015986,X,X,X,X,X,X
WBGene00016013,X,X,X,X,X,X
WBGene00007691,X,X,X,X,X,X
WBGene00007692,X,X,X,X,X,X
WBGene00007693,X,X,X,X,X,X
WBGene00007695,X,X,X,X,X,X
WBGene00007730,X,X,X,X,X,X
WBGene00016108,X,X,X,X,X,X
WBGene00016123,X,X,X,X,X,X
WBGene00016112,X,X,X,X,X,X
WBGene00007744,X,X,X,X,X,X
WBGene00016163,X,X,X,X,X,X
WBGene00016212,X,X,X,X,X,X
WBGene00016274,X,X,X,X,X,X
WBGene00016288,X,X,X,X,X,X
WBGene00007854,X,X,X,X,X,X
WBGene00016319,X,X,X,X,X,X
WBGene00016324,X,X,X,X,X,X
WBGene00016325,X,X,X,X,X,X
WBGene00016350,X,X,X,X,X,X
WBGene00050941,X,X,X,X,X,X
WBGene00007912,X,X,X,X,X,X
WBGene00016402,X,X,X,X,X,X
WBGene00016446,X,X,X,X,X,X
WBGene00016442,X,X,X,X,X,X
WBGene00016443,X,X,X,X,X,X
WBGene00016595,X,X,X,X,X,X
WBGene00045379,X,X,X,X,X,X
WBGene00016661,X,X,X,X,X,X
WBGene00016664,X,X,X,X,X,X
WBGene00016700,X,X,X,X,X,X
WBGene00016728,X,X,X,X,X,X
WBGene00008148,X,X,X,X,X,X
WBGene00008159,X,X,X,X,X,X
WBGene00008161,X,X,X,X,X,X
WBGene00008162,X,X,X,X,X,X
WBGene00016764,X,X,X,X,X,X
WBGene00008222,X,X,X,X,X,X
WBGene00008238,X,X,X,X,X,X
WBGene00016862,X,X,X,X,X,X
WBGene00008281,X,X,X,X,X,X
WBGene00008291,X,X,X,X,X,X
WBGene00008317,X,X,X,X,X,X
WBGene00008332,X,X,X,X,X,X
WBGene00008333,X,X,X,X,X,X
WBGene00008335,X,X,X,X,X,X
WBGene00008336,X,X,X,X,X,X
WBGene00016939,X,X,X,X,X,X
WBGene00022766,X,X,X,X,X,X
WBGene00000412,X,X,X,X,X,X
WBGene00008296,X,X,X,X,X,X
WBGene00008297,X,X,X,X,X,X
WBGene00010470,X,X,X,X,X,X
WBGene00010471,X,X,X,X,X,X
WBGene00010472,X,X,X,X,X,X
WBGene00011362,X,X,X,X,X,X
WBGene00009668,X,X,X,X,X,X
WBGene00016642,X,X,X,X,X,X
WBGene00019980,X,X,X,X,X,X
WBGene00011847,X,X,X,X,X,X
WBGene00008050,X,X,X,X,X,X
WBGene00016084,X,X,X,X,X,X
WBGene00086546,X,X,X,X,X,X
WBGene00195063,X,X,X,X,X,X
WBGene00018046,X,X,X,X,X,X
WBGene00011857,X,X,X,X,X,X
WBGene00012483,X,X,X,X,X,X
WBGene00013893,X,X,X,X,X,X
WBGene00013925,X,X,X,X,X,X
WBGene00018741,X,X,X,X,X,X
WBGene00012518,X,X,X,X,X,X
WBGene00021487,X,X,X,X,X,X
WBGene00021491,X,X,X,X,X,X
WBGene00021492,X,X,X,X,X,X
WBGene00000764,X,X,X,X,X,X
WBGene00000767,X,X,X,X,X,X
WBGene00010437,X,X,X,X,X,X
WBGene00018240,X,X,X,X,X,X
WBGene00021932,X,X,X,X,X,X
WBGene00020068,X,X,X,X,X,X
WBGene00011677,X,X,X,X,X,X
WBGene00014254,X,X,X,X,X,X
WBGene00008809,X,X,X,X,X,X
WBGene00008810,X,X,X,X,X,X
WBGene00011676,X,X,X,X,X,X
WBGene00011675,X,X,X,X,X,X
WBGene00011671,X,X,X,X,X,X
WBGene00011672,X,X,X,X,X,X
WBGene00011673,X,X,X,X,X,X
WBGene00000372,X,X,X,X,X,X
WBGene00011674,X,X,X,X,X,X
WBGene00008519,X,X,X,X,X,X
WBGene00010606,X,X,X,X,X,X
WBGene00010705,X,X,X,X,X,X
WBGene00010706,X,X,X,X,X,X
WBGene00010707,X,X,X,X,X,X
WBGene00011009,X,X,X,X,X,X
WBGene00000373,X,X,X,X,X,X
WBGene00007963,X,X,X,X,X,X
WBGene00007964,X,X,X,X,X,X
WBGene00014697,X,X,X,X,X,X
WBGene00007967,X,X,X,X,X,X
WBGene00019438,X,X,X,X,X,X
WBGene00011830,X,X,X,X,X,X
WBGene00021412,X,X,X,X,X,X
WBGene00010354,X,X,X,X,X,X
WBGene00021200,X,X,X,X,X,X
WBGene00013381,X,X,X,X,X,X
WBGene00015709,X,X,X,X,X,X
WBGene00016092,X,X,X,X,X,X
WBGene00016686,X,X,X,X,X,X
WBGene00021710,X,X,X,X,X,X
WBGene00021168,X,X,X,X,X,X
WBGene00016697,X,X,X,X,X,X
WBGene00018262,X,X,X,X,X,X
WBGene00018413,X,X,X,X,X,X
WBGene00018261,X,X,X,X,X,X
WBGene00018264,X,X,X,X,X,X
WBGene00018260,X,X,X,X,X,X
WBGene00019967,X,X,X,X,X,X
WBGene00016860,X,X,X,X,X,X
WBGene00010589,X,X,X,X,X,X
WBGene00012448,X,X,X,X,X,X
WBGene00016768,X,X,X,X,X,X
WBGene00018334,X,X,X,X,X,X
WBGene00018333,X,X,X,X,X,X
WBGene00011698,X,X,X,X,X,X
WBGene00015045,X,X,X,X,X,X
WBGene00011699,X,X,X,X,X,X
WBGene00020386,X,X,X,X,X,X
WBGene00015040,X,X,X,X,X,X
WBGene00015041,X,X,X,X,X,X
WBGene00015042,X,X,X,X,X,X
WBGene00015043,X,X,X,X,X,X
WBGene00015044,X,X,X,X,X,X
WBGene00019565,X,X,X,X,X,X
WBGene00019472,X,X,X,X,X,X
WBGene00019471,X,X,X,X,X,X
WBGene00019470,X,X,X,X,X,X
WBGene00007362,X,X,X,X,X,X
WBGene00008829,X,X,X,X,X,X
WBGene00007913,X,X,X,X,X,X
WBGene00013585,X,X,X,X,X,X
WBGene00017108,X,X,X,X,X,X
WBGene00000375,X,X,X,X,X,X
WBGene00007848,X,X,X,X,X,X
WBGene00020931,X,X,X,X,X,X
WBGene00008370,X,X,X,X,X,X
WBGene00008375,X,X,X,X,X,X
WBGene00008397,X,X,X,X,X,X
WBGene00017048,X,X,X,X,X,X
WBGene00014300,X,X,X,X,X,X
WBGene00008410,X,X,X,X,X,X
WBGene00008418,X,X,X,X,X,X
WBGene00017065,X,X,X,X,X,X
WBGene00018364,X,X,X,X,X,X
WBGene00017082,X,X,X,X,X,X
WBGene00003582,X,X,X,X,X,X
WBGene00007126,X,X,X,X,X,X
WBGene00000965,X,X,X,X,X,X
WBGene00000975,X,X,X,X,X,X
WBGene00000977,X,X,X,X,X,X
WBGene00000978,X,X,X,X,X,X
WBGene00000979,X,X,X,X,X,X
WBGene00000980,X,X,X,X,X,X
WBGene00000981,X,X,X,X,X,X
WBGene00000966,X,X,X,X,X,X
WBGene00000983,X,X,X,X,X,X
WBGene00000985,X,X,X,X,X,X
WBGene00000986,X,X,X,X,X,X
WBGene00000987,X,X,X,X,X,X
WBGene00000989,X,X,X,X,X,X
WBGene00000990,X,X,X,X,X,X
WBGene00000992,X,X,X,X,X,X
WBGene00000993,X,X,X,X,X,X
WBGene00011424,X,X,X,X,X,X
WBGene00000968,X,X,X,X,X,X
WBGene00000969,X,X,X,X,X,X
WBGene00000970,X,X,X,X,X,X
WBGene00000971,X,X,X,X,X,X
WBGene00000972,X,X,X,X,X,X
WBGene00000973,X,X,X,X,X,X
WBGene00017885,X,X,X,X,X,X
WBGene00015184,X,X,X,X,X,X
WBGene00016789,X,X,X,X,X,X
WBGene00008316,X,X,X,X,X,X
WBGene00015519,X,X,X,X,X,X
WBGene00001058,X,X,X,X,X,X
WBGene00007488,X,X,X,X,X,X
WBGene00010484,X,X,X,X,X,X
WBGene00001073,X,X,X,X,X,X
WBGene00001078,X,X,X,X,X,X
WBGene00018885,X,X,X,X,X,X
WBGene00008451,X,X,X,X,X,X
WBGene00008478,X,X,X,X,X,X
WBGene00008471,X,X,X,X,X,X
WBGene00017131,X,X,X,X,X,X
WBGene00017124,X,X,X,X,X,X
WBGene00001151,X,X,X,X,X,X
WBGene00017151,X,X,X,X,X,X
WBGene00001193,X,X,X,X,X,X
WBGene00001178,X,X,X,X,X,X
WBGene00017164,X,X,X,X,X,X
WBGene00001334,X,X,X,X,X,X
WBGene00008497,X,X,X,X,X,X
WBGene00008498,X,X,X,X,X,X
WBGene00008514,X,X,X,X,X,X
WBGene00008516,X,X,X,X,X,X
WBGene00017194,X,X,X,X,X,X
WBGene00008568,X,X,X,X,X,X
WBGene00017279,X,X,X,X,X,X
WBGene00008610,X,X,X,X,X,X
WBGene00008621,X,X,X,X,X,X
WBGene00017289,X,X,X,X,X,X
WBGene00017286,X,X,X,X,X,X
WBGene00008644,X,X,X,X,X,X
WBGene00008646,X,X,X,X,X,X
WBGene00017340,X,X,X,X,X,X
WBGene00017343,X,X,X,X,X,X
WBGene00008673,X,X,X,X,X,X
WBGene00195214,X,X,X,X,X,X
WBGene00008693,X,X,X,X,X,X
WBGene00017388,X,X,X,X,X,X
WBGene00044811,X,X,X,X,X,X
WBGene00017429,X,X,X,X,X,X
WBGene00008741,X,X,X,X,X,X
WBGene00008735,X,X,X,X,X,X
WBGene00008746,X,X,X,X,X,X
WBGene00044797,X,X,X,X,X,X
WBGene00008766,X,X,X,X,X,X
WBGene00017443,X,X,X,X,X,X
WBGene00017436,X,X,X,X,X,X
WBGene00008785,X,X,X,X,X,X
WBGene00008787,X,X,X,X,X,X
WBGene00017478,X,X,X,X,X,X
WBGene00017487,X,X,X,X,X,X
WBGene00008874,X,X,X,X,X,X
WBGene00017515,X,X,X,X,X,X
WBGene00017536,X,X,X,X,X,X
WBGene00017537,X,X,X,X,X,X
WBGene00008905,X,X,X,X,X,X
WBGene00044058,X,X,X,X,X,X
WBGene00008918,X,X,X,X,X,X
WBGene00185014,X,X,X,X,X,X
WBGene00008925,X,X,X,X,X,X
WBGene00008959,X,X,X,X,X,X
WBGene00017640,X,X,X,X,X,X
WBGene00008985,X,X,X,X,X,X
WBGene00008986,X,X,X,X,X,X
WBGene00009008,X,X,X,X,X,X
WBGene00017720,X,X,X,X,X,X
WBGene00017724,X,X,X,X,X,X
WBGene00009110,X,X,X,X,X,X
WBGene00009139,X,X,X,X,X,X
WBGene00017811,X,X,X,X,X,X
WBGene00009140,X,X,X,X,X,X
WBGene00009153,X,X,X,X,X,X
WBGene00009148,X,X,X,X,X,X
WBGene00017829,X,X,X,X,X,X
WBGene00009204,X,X,X,X,X,X
WBGene00009236,X,X,X,X,X,X
WBGene00009263,X,X,X,X,X,X
WBGene00017934,X,X,X,X,X,X
WBGene00017960,X,X,X,X,X,X
WBGene00017963,X,X,X,X,X,X
WBGene00017971,X,X,X,X,X,X
WBGene00017975,X,X,X,X,X,X
WBGene00009435,X,X,X,X,X,X
WBGene00018077,X,X,X,X,X,X
WBGene00009447,X,X,X,X,X,X
WBGene00009453,X,X,X,X,X,X
WBGene00009456,X,X,X,X,X,X
WBGene00018131,X,X,X,X,X,X
WBGene00018133,X,X,X,X,X,X
WBGene00009505,X,X,X,X,X,X
WBGene00018146,X,X,X,X,X,X
WBGene00009514,X,X,X,X,X,X
WBGene00009543,X,X,X,X,X,X
WBGene00018184,X,X,X,X,X,X
WBGene00018209,X,X,X,X,X,X
WBGene00018210,X,X,X,X,X,X
WBGene00009586,X,X,X,X,X,X
WBGene00009611,X,X,X,X,X,X
WBGene00023489,X,X,X,X,X,X
WBGene00044362,X,X,X,X,X,X
WBGene00018370,X,X,X,X,X,X
WBGene00018400,X,X,X,X,X,X
WBGene00018411,X,X,X,X,X,X
WBGene00018408,X,X,X,X,X,X
WBGene00018465,X,X,X,X,X,X
WBGene00009798,X,X,X,X,X,X
WBGene00009804,X,X,X,X,X,X
WBGene00009805,X,X,X,X,X,X
WBGene00009849,X,X,X,X,X,X
WBGene00018640,X,X,X,X,X,X
WBGene00018697,X,X,X,X,X,X
WBGene00194870,X,X,X,X,X,X
WBGene00018735,X,X,X,X,X,X
WBGene00009962,X,X,X,X,X,X
WBGene00018754,X,X,X,X,X,X
WBGene00018774,X,X,X,X,X,X
WBGene00010055,X,X,X,X,X,X
WBGene00010060,X,X,X,X,X,X
WBGene00018842,X,X,X,X,X,X
WBGene00010079,X,X,X,X,X,X
WBGene00010116,X,X,X,X,X,X
WBGene00010131,X,X,X,X,X,X
WBGene00010148,X,X,X,X,X,X
WBGene00010162,X,X,X,X,X,X
WBGene00010197,X,X,X,X,X,X
WBGene00019015,X,X,X,X,X,X
WBGene00010235,X,X,X,X,X,X
WBGene00010243,X,X,X,X,X,X
WBGene00019109,X,X,X,X,X,X
WBGene00022798,X,X,X,X,X,X
WBGene00007707,X,X,X,X,X,X
WBGene00001432,X,X,X,X,X,X
WBGene00001485,X,X,X,X,X,X
WBGene00001506,X,X,X,X,X,X
WBGene00006402,X,X,X,X,X,X
WBGene00001507,X,X,X,X,X,X
WBGene00043986,X,X,X,X,X,X
WBGene00015057,X,X,X,X,X,X
WBGene00018878,X,X,X,X,X,X
WBGene00021331,X,X,X,X,X,X
WBGene00022663,X,X,X,X,X,X
WBGene00044608,X,X,X,X,X,X
WBGene00017062,X,X,X,X,X,X
WBGene00013029,X,X,X,X,X,X
WBGene00001643,X,X,X,X,X,X
WBGene00001644,X,X,X,X,X,X
WBGene00019612,X,X,X,X,X,X
WBGene00011511,X,X,X,X,X,X
WBGene00001760,X,X,X,X,X,X
WBGene00001761,X,X,X,X,X,X
WBGene00001762,X,X,X,X,X,X
WBGene00001763,X,X,X,X,X,X
WBGene00001764,X,X,X,X,X,X
WBGene00001765,X,X,X,X,X,X
WBGene00001766,X,X,X,X,X,X
WBGene00001767,X,X,X,X,X,X
WBGene00001768,X,X,X,X,X,X
WBGene00001769,X,X,X,X,X,X
WBGene00001770,X,X,X,X,X,X
WBGene00001772,X,X,X,X,X,X
WBGene00001773,X,X,X,X,X,X
WBGene00001774,X,X,X,X,X,X
WBGene00001775,X,X,X,X,X,X
WBGene00001776,X,X,X,X,X,X
WBGene00001777,X,X,X,X,X,X
WBGene00001779,X,X,X,X,X,X
WBGene00001780,X,X,X,X,X,X
WBGene00001781,X,X,X,X,X,X
WBGene00001782,X,X,X,X,X,X
WBGene00001783,X,X,X,X,X,X
WBGene00001785,X,X,X,X,X,X
WBGene00001787,X,X,X,X,X,X
WBGene00001788,X,X,X,X,X,X
WBGene00001757,X,X,X,X,X,X
WBGene00019153,X,X,X,X,X,X
WBGene00019199,X,X,X,X,X,X
WBGene00044310,X,X,X,X,X,X
WBGene00010411,X,X,X,X,X,X
WBGene00019255,X,X,X,X,X,X
WBGene00019269,X,X,X,X,X,X
WBGene00019270,X,X,X,X,X,X
WBGene00019274,X,X,X,X,X,X
WBGene00006409,X,X,X,X,X,X
WBGene00013852,X,X,X,X,X,X
WBGene00013312,X,X,X,X,X,X
WBGene00022277,X,X,X,X,X,X
WBGene00016061,X,X,X,X,X,X
WBGene00011776,X,X,X,X,X,X
WBGene00008627,X,X,X,X,X,X
WBGene00010473,X,X,X,X,X,X
WBGene00002028,X,X,X,X,X,X
WBGene00002029,X,X,X,X,X,X
WBGene00002031,X,X,X,X,X,X
WBGene00016668,X,X,X,X,X,X
WBGene00016669,X,X,X,X,X,X
WBGene00016670,X,X,X,X,X,X
WBGene00016958,X,X,X,X,X,X
WBGene00017691,X,X,X,X,X,X
WBGene00020982,X,X,X,X,X,X
WBGene00017026,X,X,X,X,X,X
WBGene00019229,X,X,X,X,X,X
WBGene00022233,X,X,X,X,X,X
WBGene00011423,X,X,X,X,X,X
WBGene00010436,X,X,X,X,X,X
WBGene00019280,X,X,X,X,X,X
WBGene00010481,X,X,X,X,X,X
WBGene00019301,X,X,X,X,X,X
WBGene00010521,X,X,X,X,X,X
WBGene00044903,X,X,X,X,X,X
WBGene00019477,X,X,X,X,X,X
WBGene00010625,X,X,X,X,X,X
WBGene00019489,X,X,X,X,X,X
WBGene00019498,X,X,X,X,X,X
WBGene00019508,X,X,X,X,X,X
WBGene00019522,X,X,X,X,X,X
WBGene00010721,X,X,X,X,X,X
WBGene00019613,X,X,X,X,X,X
WBGene00010762,X,X,X,X,X,X
WBGene00019652,X,X,X,X,X,X
WBGene00019653,X,X,X,X,X,X
WBGene00019654,X,X,X,X,X,X
WBGene00019675,X,X,X,X,X,X
WBGene00017719,X,X,X,X,X,X
WBGene00010716,X,X,X,X,X,X
WBGene00002983,X,X,X,X,X,X
WBGene00007711,X,X,X,X,X,X
WBGene00009773,X,X,X,X,X,X
WBGene00019376,X,X,X,X,X,X
WBGene00021963,X,X,X,X,X,X
WBGene00008510,X,X,X,X,X,X
WBGene00013050,X,X,X,X,X,X
WBGene00003060,X,X,X,X,X,X
WBGene00003090,X,X,X,X,X,X
WBGene00003099,X,X,X,X,X,X
WBGene00003091,X,X,X,X,X,X
WBGene00003092,X,X,X,X,X,X
WBGene00003093,X,X,X,X,X,X
WBGene00003094,X,X,X,X,X,X
WBGene00003095,X,X,X,X,X,X
WBGene00003096,X,X,X,X,X,X
WBGene00003097,X,X,X,X,X,X
WBGene00003098,X,X,X,X,X,X
WBGene00019746,X,X,X,X,X,X
WBGene00077490,X,X,X,X,X,X
WBGene00010847,X,X,X,X,X,X
WBGene00010915,X,X,X,X,X,X
WBGene00010889,X,X,X,X,X,X
WBGene00010902,X,X,X,X,X,X
WBGene00007680,X,X,X,X,X,X
WBGene00003124,X,X,X,X,X,X
WBGene00015248,X,X,X,X,X,X
WBGene00009436,X,X,X,X,X,X
WBGene00003176,X,X,X,X,X,X
WBGene00003179,X,X,X,X,X,X
WBGene00003235,X,X,X,X,X,X
WBGene00003236,X,X,X,X,X,X
WBGene00003237,X,X,X,X,X,X
WBGene00022743,X,X,X,X,X,X
WBGene00020169,X,X,X,X,X,X
WBGene00010983,X,X,X,X,X,X
WBGene00003394,X,X,X,X,X,X
WBGene00013880,X,X,X,X,X,X
WBGene00003475,X,X,X,X,X,X
WBGene00003476,X,X,X,X,X,X
WBGene00003477,X,X,X,X,X,X
WBGene00003478,X,X,X,X,X,X
WBGene00022516,X,X,X,X,X,X
WBGene00021371,X,X,X,X,X,X
WBGene00021370,X,X,X,X,X,X
WBGene00012810,X,X,X,X,X,X
WBGene00003580,X,X,X,X,X,X
WBGene00003584,X,X,X,X,X,X
WBGene00003585,X,X,X,X,X,X
WBGene00006412,X,X,X,X,X,X
WBGene00021073,X,X,X,X,X,X
WBGene00003813,X,X,X,X,X,X
WBGene00013440,X,X,X,X,X,X
WBGene00021476,X,X,X,X,X,X
WBGene00016380,X,X,X,X,X,X
WBGene00008225,X,X,X,X,X,X
WBGene00011123,X,X,X,X,X,X
WBGene00007177,X,X,X,X,X,X
WBGene00016773,X,X,X,X,X,X
WBGene00016776,X,X,X,X,X,X
WBGene00017061,X,X,X,X,X,X
WBGene00008475,X,X,X,X,X,X
WBGene00008602,X,X,X,X,X,X
WBGene00008676,X,X,X,X,X,X
WBGene00008786,X,X,X,X,X,X
WBGene00008906,X,X,X,X,X,X
WBGene00009413,X,X,X,X,X,X
WBGene00044088,X,X,X,X,X,X
WBGene00009488,X,X,X,X,X,X
WBGene00018141,X,X,X,X,X,X
WBGene00018142,X,X,X,X,X,X
WBGene00018143,X,X,X,X,X,X
WBGene00018211,X,X,X,X,X,X
WBGene00009615,X,X,X,X,X,X
WBGene00009607,X,X,X,X,X,X
WBGene00009609,X,X,X,X,X,X
WBGene00009610,X,X,X,X,X,X
WBGene00018295,X,X,X,X,X,X
WBGene00007361,X,X,X,X,X,X
WBGene00018573,X,X,X,X,X,X
WBGene00018707,X,X,X,X,X,X
WBGene00018708,X,X,X,X,X,X
WBGene00010157,X,X,X,X,X,X
WBGene00010171,X,X,X,X,X,X
WBGene00010172,X,X,X,X,X,X
WBGene00010391,X,X,X,X,X,X
WBGene00010392,X,X,X,X,X,X
WBGene00006419,X,X,X,X,X,X
WBGene00015873,X,X,X,X,X,X
WBGene00019849,X,X,X,X,X,X
WBGene00019851,X,X,X,X,X,X
WBGene00011515,X,X,X,X,X,X
WBGene00011653,X,X,X,X,X,X
WBGene00011654,X,X,X,X,X,X
WBGene00011656,X,X,X,X,X,X
WBGene00011768,X,X,X,X,X,X
WBGene00011960,X,X,X,X,X,X
WBGene00012068,X,X,X,X,X,X
WBGene00007829,X,X,X,X,X,X
WBGene00020864,X,X,X,X,X,X
WBGene00020976,X,X,X,X,X,X
WBGene00020977,X,X,X,X,X,X
WBGene00012308,X,X,X,X,X,X
WBGene00012323,X,X,X,X,X,X
WBGene00021479,X,X,X,X,X,X
WBGene00019579,X,X,X,X,X,X
WBGene00019580,X,X,X,X,X,X
WBGene00016585,X,X,X,X,X,X
WBGene00007833,X,X,X,X,X,X
WBGene00007835,X,X,X,X,X,X
WBGene00008077,X,X,X,X,X,X
WBGene00016753,X,X,X,X,X,X
WBGene00022748,X,X,X,X,X,X
WBGene00021902,X,X,X,X,X,X
WBGene00011268,X,X,X,X,X,X
WBGene00013718,X,X,X,X,X,X
WBGene00017671,X,X,X,X,X,X
WBGene00019941,X,X,X,X,X,X
WBGene00009455,X,X,X,X,X,X
WBGene00008560,X,X,X,X,X,X
WBGene00010813,X,X,X,X,X,X
WBGene00016558,X,X,X,X,X,X
WBGene00004045,X,X,X,X,X,X
WBGene00011524,X,X,X,X,X,X
WBGene00012095,X,X,X,X,X,X
WBGene00004256,X,X,X,X,X,X
WBGene00004257,X,X,X,X,X,X
WBGene00050937,X,X,X,X,X,X
WBGene00019843,X,X,X,X,X,X
WBGene00010998,X,X,X,X,X,X
WBGene00019885,X,X,X,X,X,X
WBGene00019886,X,X,X,X,X,X
WBGene00011038,X,X,X,X,X,X
WBGene00011065,X,X,X,X,X,X
WBGene00011090,X,X,X,X,X,X
WBGene00011092,X,X,X,X,X,X
WBGene00011093,X,X,X,X,X,X
WBGene00019919,X,X,X,X,X,X
WBGene00011112,X,X,X,X,X,X
WBGene00011115,X,X,X,X,X,X
WBGene00019968,X,X,X,X,X,X
WBGene00019970,X,X,X,X,X,X
WBGene00011205,X,X,X,X,X,X
WBGene00020090,X,X,X,X,X,X
WBGene00020038,X,X,X,X,X,X
WBGene00020052,X,X,X,X,X,X
WBGene00044648,X,X,X,X,X,X
WBGene00020113,X,X,X,X,X,X
WBGene00020125,X,X,X,X,X,X
WBGene00011274,X,X,X,X,X,X
WBGene00044305,X,X,X,X,X,X
WBGene00012324,X,X,X,X,X,X
WBGene00008860,X,X,X,X,X,X
WBGene00009264,X,X,X,X,X,X
WBGene00008334,X,X,X,X,X,X
WBGene00004787,X,X,X,X,X,X
WBGene00009897,X,X,X,X,X,X
WBGene00015841,X,X,X,X,X,X
WBGene00017968,X,X,X,X,X,X
WBGene00013748,X,X,X,X,X,X
WBGene00007363,X,X,X,X,X,X
WBGene00008678,X,X,X,X,X,X
WBGene00007364,X,X,X,X,X,X
WBGene00006435,X,X,X,X,X,X
WBGene00006308,X,X,X,X,X,X
WBGene00006309,X,X,X,X,X,X
WBGene00006310,X,X,X,X,X,X
WBGene00011328,X,X,X,X,X,X
WBGene00020151,X,X,X,X,X,X
WBGene00020154,X,X,X,X,X,X
WBGene00011353,X,X,X,X,X,X
WBGene00011364,X,X,X,X,X,X
WBGene00011436,X,X,X,X,X,X
WBGene00044383,X,X,X,X,X,X
WBGene00011495,X,X,X,X,X,X
WBGene00011519,X,X,X,X,X,X
WBGene00011530,X,X,X,X,X,X
WBGene00020311,X,X,X,X,X,X
WBGene00020314,X,X,X,X,X,X
WBGene00020321,X,X,X,X,X,X
WBGene00011594,X,X,X,X,X,X
WBGene00020330,X,X,X,X,X,X
WBGene00011631,X,X,X,X,X,X
WBGene00011642,X,X,X,X,X,X
WBGene00011644,X,X,X,X,X,X
WBGene00011659,X,X,X,X,X,X
WBGene00011655,X,X,X,X,X,X
WBGene00011658,X,X,X,X,X,X
WBGene00011665,X,X,X,X,X,X
WBGene00011681,X,X,X,X,X,X
WBGene00011684,X,X,X,X,X,X
WBGene00020394,X,X,X,X,X,X
WBGene00020426,X,X,X,X,X,X
WBGene00011739,X,X,X,X,X,X
WBGene00020486,X,X,X,X,X,X
WBGene00020503,X,X,X,X,X,X
WBGene00011780,X,X,X,X,X,X
WBGene00011826,X,X,X,X,X,X
WBGene00020575,X,X,X,X,X,X
WBGene00020631,X,X,X,X,X,X
WBGene00020674,X,X,X,X,X,X
WBGene00011914,X,X,X,X,X,X
WBGene00020688,X,X,X,X,X,X
WBGene00020735,X,X,X,X,X,X
WBGene00020753,X,X,X,X,X,X
WBGene00219274,X,X,X,X,X,X
WBGene00020831,X,X,X,X,X,X
WBGene00012045,X,X,X,X,X,X
WBGene00012046,X,X,X,X,X,X
WBGene00012070,X,X,X,X,X,X
WBGene00044059,X,X,X,X,X,X
WBGene00012102,X,X,X,X,X,X
WBGene00020875,X,X,X,X,X,X
WBGene00012108,X,X,X,X,X,X
WBGene00020891,X,X,X,X,X,X
WBGene00020900,X,X,X,X,X,X
WBGene00012135,X,X,X,X,X,X
WBGene00006473,X,X,X,X,X,X
WBGene00006478,X,X,X,X,X,X
WBGene00010480,X,X,X,X,X,X
WBGene00013034,X,X,X,X,X,X
WBGene00019166,X,X,X,X,X,X
WBGene00012360,X,X,X,X,X,X
WBGene00020784,X,X,X,X,X,X
WBGene00009498,X,X,X,X,X,X
WBGene00017174,X,X,X,X,X,X
WBGene00013969,X,X,X,X,X,X
WBGene00009186,X,X,X,X,X,X
WBGene00015062,X,X,X,X,X,X
WBGene00007099,X,X,X,X,X,X
WBGene00019717,X,X,X,X,X,X
WBGene00021548,X,X,X,X,X,X
WBGene00019349,X,X,X,X,X,X
WBGene00013263,X,X,X,X,X,X
WBGene00018656,X,X,X,X,X,X
WBGene00006515,X,X,X,X,X,X
WBGene00021826,X,X,X,X,X,X
WBGene00018963,X,X,X,X,X,X
WBGene00018604,X,X,X,X,X,X
WBGene00009178,X,X,X,X,X,X
WBGene00015693,X,X,X,X,X,X
WBGene00017154,X,X,X,X,X,X
WBGene00006769,X,X,X,X,X,X
WBGene00006890,X,X,X,X,X,X
WBGene00012149,X,X,X,X,X,X
WBGene00016258,X,X,X,X,X,X
WBGene00010993,X,X,X,X,X,X
WBGene00020917,X,X,X,X,X,X
WBGene00012201,X,X,X,X,X,X
WBGene00012206,X,X,X,X,X,X
WBGene00020937,X,X,X,X,X,X
WBGene00021002,X,X,X,X,X,X
WBGene00021003,X,X,X,X,X,X
WBGene00012258,X,X,X,X,X,X
WBGene00021066,X,X,X,X,X,X
WBGene00012336,X,X,X,X,X,X
WBGene00012353,X,X,X,X,X,X
WBGene00012356,X,X,X,X,X,X
WBGene00021127,X,X,X,X,X,X
WBGene00006937,X,X,X,X,X,X
WBGene00006962,X,X,X,X,X,X
WBGene00022427,X,X,X,X,X,X
WBGene00013650,X,X,X,X,X,X
WBGene00013728,X,X,X,X,X,X
WBGene00013802,X,X,X,X,X,X
WBGene00013804,X,X,X,X,X,X
WBGene00013807,X,X,X,X,X,X
WBGene00012463,X,X,X,X,X,X
WBGene00021215,X,X,X,X,X,X
WBGene00021260,X,X,X,X,X,X
WBGene00021296,X,X,X,X,X,X
WBGene00021314,X,X,X,X,X,X
WBGene00012544,X,X,X,X,X,X
WBGene00021394,X,X,X,X,X,X
WBGene00021403,X,X,X,X,X,X
WBGene00021407,X,X,X,X,X,X
WBGene00021493,X,X,X,X,X,X
WBGene00012762,X,X,X,X,X,X
WBGene00044003,X,X,X,X,X,X
WBGene00012765,X,X,X,X,X,X
WBGene00012780,X,X,X,X,X,X
WBGene00012788,X,X,X,X,X,X
WBGene00012834,X,X,X,X,X,X
WBGene00021593,X,X,X,X,X,X
WBGene00012922,X,X,X,X,X,X
WBGene00012927,X,X,X,X,X,X
WBGene00021646,X,X,X,X,X,X
WBGene00021647,X,X,X,X,X,X
WBGene00012968,X,X,X,X,X,X
WBGene00012998,X,X,X,X,X,X
WBGene00012987,X,X,X,X,X,X
WBGene00013044,X,X,X,X,X,X
WBGene00021741,X,X,X,X,X,X
WBGene00013119,X,X,X,X,X,X
WBGene00013123,X,X,X,X,X,X
WBGene00021796,X,X,X,X,X,X
WBGene00013164,X,X,X,X,X,X
WBGene00021815,X,X,X,X,X,X
WBGene00021852,X,X,X,X,X,X
WBGene00013218,X,X,X,X,X,X
WBGene00235102,X,X,X,X,X,X
WBGene00021917,X,X,X,X,X,X
WBGene00021933,X,X,X,X,X,X
WBGene00013266,X,X,X,X,X,X
WBGene00013269,X,X,X,X,X,X
WBGene00021164,X,X,X,X,X,X
WBGene00022040,X,X,X,X,X,X
WBGene00022059,X,X,X,X,X,X
WBGene00022140,X,X,X,X,X,X
WBGene00022146,X,X,X,X,X,X
WBGene00022178,X,X,X,X,X,X
WBGene00022179,X,X,X,X,X,X
WBGene00022188,X,X,X,X,X,X
WBGene00022195,X,X,X,X,X,X
WBGene00022256,X,X,X,X,X,X
WBGene00022267,X,X,X,X,X,X
WBGene00013539,X,X,X,X,X,X
WBGene00013540,X,X,X,X,X,X
WBGene00013561,X,X,X,X,X,X
WBGene00022297,X,X,X,X,X,X
WBGene00022307,X,X,X,X,X,X
WBGene00013594,X,X,X,X,X,X
WBGene00050885,X,X,X,X,X,X
WBGene00022380,X,X,X,X,X,X
WBGene00013865,X,X,X,X,X,X
WBGene00013873,X,X,X,X,X,X
WBGene00013874,X,X,X,X,X,X
WBGene00013875,X,X,X,X,X,X
WBGene00013919,X,X,X,X,X,X
WBGene00014227,X,X,X,X,X,X
WBGene00014236,X,X,X,X,X,X
WBGene00014241,X,X,X,X,X,X
WBGene00022887,X,X,X,X,X,X
WBGene00014258,X,X,X,X,X,X
WBGene00022683,X,X,X,X,X,X
WBGene00013949,X,X,X,X,X,X
WBGene00013950,X,X,X,X,X,X
WBGene00014052,X,X,X,X,X,X
WBGene00014053,X,X,X,X,X,X
WBGene00022809,X,X,X,X,X,X
WBGene00022813,X,X,X,X,X,X
WBGene00022814,X,X,X,X,X,X
WBGene00014087,X,X,X,X,X,X
WBGene00194934,X,X,X,X,X,X
WBGene00014093,X,X,X,X,X,X
WBGene00014096,X,X,X,X,X,X
WBGene00014106,X,X,X,X,X,X
WBGene00014160,X,X,X,X,X,X
WBGene00006424,X,X,X,X,X,X
WBGene00008607,X,X,X,X,X,X
WBGene00016630,X,X,X,X,X,X
WBGene00008804,X,X,X,X,X,X
WBGene00018923,X,X,X,X,X,X
WBGene00015135,X,X,X,X,X,X
WBGene00020222,X,X,X,X,X,X
WBGene00019747,X,X,X,X,X,X
WBGene00021056,X,X,X,X,X,X
WBGene00015938,X,X,X,X,X,X
WBGene00007112,X,X,X,X,X,X
WBGene00206473,X,X,X,X,X,X
WBGene00007211,X,X,X,X,X,X
WBGene00015402,X,X,X,X,X,X
WBGene00206359,X,X,X,X,X,X
WBGene00007482,X,X,X,X,X,X
WBGene00007551,X,X,X,X,X,X
WBGene00016116,X,X,X,X,X,X
WBGene00044387,X,X,X,X,X,X
WBGene00007792,X,X,X,X,X,X
WBGene00007793,X,X,X,X,X,X
WBGene00007795,X,X,X,X,X,X
WBGene00189950,X,X,X,X,X,X
WBGene00008042,X,X,X,X,X,X
WBGene00008043,X,X,X,X,X,X
WBGene00008044,X,X,X,X,X,X
WBGene00017022,X,X,X,X,X,X
WBGene00017023,X,X,X,X,X,X
WBGene00017024,X,X,X,X,X,X
WBGene00018380,X,X,X,X,X,X
WBGene00020741,X,X,X,X,X,X
WBGene00017092,X,X,X,X,X,X
WBGene00017093,X,X,X,X,X,X
WBGene00017094,X,X,X,X,X,X
WBGene00017335,X,X,X,X,X,X
WBGene00017358,X,X,X,X,X,X
WBGene00017366,X,X,X,X,X,X
WBGene00044784,X,X,X,X,X,X
WBGene00017659,X,X,X,X,X,X
WBGene00017653,X,X,X,X,X,X
WBGene00017658,X,X,X,X,X,X
WBGene00009018,X,X,X,X,X,X
WBGene00017764,X,X,X,X,X,X
WBGene00009228,X,X,X,X,X,X
WBGene00009237,X,X,X,X,X,X
WBGene00017964,X,X,X,X,X,X
WBGene00009312,X,X,X,X,X,X
WBGene00043049,X,X,X,X,X,X
WBGene00009404,X,X,X,X,X,X
WBGene00219326,X,X,X,X,X,X
WBGene00009473,X,X,X,X,X,X
WBGene00009483,X,X,X,X,X,X
WBGene00009549,X,X,X,X,X,X
WBGene00009616,X,X,X,X,X,X
WBGene00018406,X,X,X,X,X,X
WBGene00018607,X,X,X,X,X,X
WBGene00018873,X,X,X,X,X,X
WBGene00018958,X,X,X,X,X,X
WBGene00019029,X,X,X,X,X,X
WBGene00011321,X,X,X,X,X,X
WBGene00019668,X,X,X,X,X,X
WBGene00019236,X,X,X,X,X,X
WBGene00019288,X,X,X,X,X,X
WBGene00019368,X,X,X,X,X,X
WBGene00019520,X,X,X,X,X,X
WBGene00019525,X,X,X,X,X,X
WBGene00010686,X,X,X,X,X,X
WBGene00019631,X,X,X,X,X,X
WBGene00010773,X,X,X,X,X,X
WBGene00018523,X,X,X,X,X,X
WBGene00014164,X,X,X,X,X,X
WBGene00010897,X,X,X,X,X,X
WBGene00010877,X,X,X,X,X,X
WBGene00016355,X,X,X,X,X,X
WBGene00007358,X,X,X,X,X,X
WBGene00008047,X,X,X,X,X,X
WBGene00012777,X,X,X,X,X,X
WBGene00012890,X,X,X,X,X,X
WBGene00009727,X,X,X,X,X,X
WBGene00008803,X,X,X,X,X,X
WBGene00020472,X,X,X,X,X,X
WBGene00020473,X,X,X,X,X,X
WBGene00020474,X,X,X,X,X,X
WBGene00012585,X,X,X,X,X,X
WBGene00019939,X,X,X,X,X,X
WBGene00007291,X,X,X,X,X,X
WBGene00008655,X,X,X,X,X,X
WBGene00011725,X,X,X,X,X,X
WBGene00014009,X,X,X,X,X,X
WBGene00015645,X,X,X,X,X,X
WBGene00009303,X,X,X,X,X,X
WBGene00010267,X,X,X,X,X,X
WBGene00003065,X,X,X,X,X,X
WBGene00010887,X,X,X,X,X,X
WBGene00010884,X,X,X,X,X,X
WBGene00009587,X,X,X,X,X,X
WBGene00013450,X,X,X,X,X,X
WBGene00011350,X,X,X,X,X,X
WBGene00004115,X,X,X,X,X,X
WBGene00004124,X,X,X,X,X,X
WBGene00019882,X,X,X,X,X,X
WBGene00011042,X,X,X,X,X,X
WBGene00011046,X,X,X,X,X,X
WBGene00011203,X,X,X,X,X,X
WBGene00044546,X,X,X,X,X,X
WBGene00020341,X,X,X,X,X,X
WBGene00011634,X,X,X,X,X,X
WBGene00020393,X,X,X,X,X,X
WBGene00011797,X,X,X,X,X,X
WBGene00044282,X,X,X,X,X,X
WBGene00020662,X,X,X,X,X,X
WBGene00020672,X,X,X,X,X,X
WBGene00011940,X,X,X,X,X,X
WBGene00020756,X,X,X,X,X,X
WBGene00012049,X,X,X,X,X,X
WBGene00020940,X,X,X,X,X,X
WBGene00020941,X,X,X,X,X,X
WBGene00044152,X,X,X,X,X,X
WBGene00012325,X,X,X,X,X,X
WBGene00021148,X,X,X,X,X,X
WBGene00022457,X,X,X,X,X,X
WBGene00021210,X,X,X,X,X,X
WBGene00021497,X,X,X,X,X,X
WBGene00012869,X,X,X,X,X,X
WBGene00021601,X,X,X,X,X,X
WBGene00013035,X,X,X,X,X,X
WBGene00013037,X,X,X,X,X,X
WBGene00013068,X,X,X,X,X,X
WBGene00013101,X,X,X,X,X,X
WBGene00013127,X,X,X,X,X,X
WBGene00044488,X,X,X,X,X,X
WBGene00022191,X,X,X,X,X,X
WBGene00022258,X,X,X,X,X,X
WBGene00022259,X,X,X,X,X,X
WBGene00022260,X,X,X,X,X,X
WBGene00022300,X,X,X,X,X,X
WBGene00014244,X,X,X,X,X,X
WBGene00013946,X,X,X,X,X,X
WBGene00013947,X,X,X,X,X,X
WBGene00013962,X,X,X,X,X,X
WBGene00022650,X,X,X,X,X,X
