barcode_num,barcode_Seq,met7-lib1,met7-lib2,met7-lib3,met7-lib4,met7-lib5,met7-lib6
1S,AGACTC,D2063.1_rep1,unc-17_rep1,dlat-2_rep1,T24C4.5_rep1,F41E6.5_rep1,pgk-1_rep1
2S,AGCTAG,vector_well1_rep1,ipgm-1_rep1,pck-3_rep1,ger-1_rep1,pgph-2_rep1,pfkb-1.1_rep1
3S,AGCTCA,klo-2_rep1,ZK1058.3_rep1,ZK632.4_rep1,Y71F9B.9_rep1,tre-1_rep1,hxk-2_rep1
4S,AGCTTC,mcp-1_rep1,vector_well2_rep1,gsy-1_rep1,men-1_rep1,agl-1_rep1,aagr-1_rep1
5S,CATGAG,gyg-1_rep1,pyk-2_rep1,pgph-3_rep1,alh-5_rep1,pfk-1.2_rep1,gob-1_rep1
6S,CATGCA,tps-1_rep1,alh-4_rep1,F07A11.5_rep1,tps-2_rep1,alh-12_rep1,dhs-21_rep1
7S,CATGTC,aldo-2_rep1,K08E3.5_rep1,pfkb-1.2_rep1,icl-1_rep1,F26D11.1_rep1,gpd-3_rep1
8S,CACTAG,fbp-1_rep1,aldo-1_rep1,tre-2_rep1,Y105E8B.9_rep1,Y43F4B.5_rep1,T21C9.6_rep1
9S,CAGATC,F52B11.2_rep1,rpia-1_rep1,gale-1_rep1,sodh-1_rep1,adh-5_rep1,div-1_rep1
10S,TCACAG,enol-1_rep1,tkt-1_rep1,glod-4_rep1,pfk-1.1_rep1,R04B5.5_rep1,R151.2_rep1
11S,AGGATC,alh-11_rep1,alh-9_rep1,pck-1_rep1,hxk-1_rep1,gpi-1_rep1,pck-2_rep1
12S,AGTGCA,gpd-2_rep1,Y17G7B.3_rep1,tre-5_rep1,R05F9.6_rep1,aagr-2_rep1,Y57G11C.3_rep1
13S,AGTGTC,klo-1_rep1,gspd-1_rep1,C50D2.7_rep1,gana-1_rep1,tre-4_rep1,C26D10.4_rep1
14S,TCCTAG,gpd-1_rep1,gpd-4_rep1,tpi-1_rep1,alh-1_rep1,acs-19_rep1,W06E11.1_rep1
15S,TCTGAG,shpk-1_rep1,Y39G8B.1_rep1,gyg-2_rep1,pygl-1_rep1,bgal-1_rep1,bgal-2_rep1
16S,TCTGCA,pyk-1_rep1,tald-1_rep1,Y47D9A.1_rep1,T04A8.7_rep1,bre-1_rep1,hxk-3_rep1
17S,TCGAAG,D2063.1_rep2,unc-17_rep2,dlat-2_rep2,T24C4.5_rep2,F41E6.5_rep2,pgk-1_rep2
18S,TCGACA,vector_well1_rep2,ipgm-1_rep2,pck-3_rep2,ger-1_rep2,pgph-2_rep2,pfkb-1.1_rep2
19S,TCGATC,klo-2_rep2,ZK1058.3_rep2,ZK632.4_rep2,Y71F9B.9_rep2,tre-1_rep2,hxk-2_rep2
20S,GTACAG,mcp-1_rep2,vector_well2_rep2,gsy-1_rep2,men-1_rep2,agl-1_rep2,aagr-1_rep2
21S,GTACCA,gyg-1_rep2,pyk-2_rep2,pgph-3_rep2,alh-5_rep2,pfk-1.2_rep2,gob-1_rep2
22S,GTACTC,tps-1_rep2,alh-4_rep2,F07A11.5_rep2,tps-2_rep2,alh-12_rep2,dhs-21_rep2
23S,GTCTAG,aldo-2_rep2,K08E3.5_rep2,pfkb-1.2_rep2,icl-1_rep2,F26D11.1_rep2,gpd-3_rep2
24S,GTCTCA,fbp-1_rep2,aldo-1_rep2,tre-2_rep2,Y105E8B.9_rep2,Y43F4B.5_rep2,T21C9.6_rep2
25S,GTTGCA,F52B11.2_rep2,rpia-1_rep2,gale-1_rep2,sodh-1_rep2,adh-5_rep2,div-1_rep2
26S,GTGACA,enol-1_rep2,tkt-1_rep2,glod-4_rep2,pfk-1.1_rep2,R04B5.5_rep2,R151.2_rep2
27S,GTGATC,alh-11_rep2,alh-9_rep2,pck-1_rep2,hxk-1_rep2,gpi-1_rep2,pck-2_rep2
28S,ACAGTG,gpd-2_rep2,Y17G7B.3_rep2,tre-5_rep2,R05F9.6_rep2,aagr-2_rep2,Y57G11C.3_rep2
29S,ACCATG,klo-1_rep2,gspd-1_rep2,C50D2.7_rep2,gana-1_rep2,tre-4_rep2,C26D10.4_rep2
30S,ACTCTG,gpd-1_rep2,gpd-4_rep2,tpi-1_rep2,alh-1_rep2,acs-19_rep2,W06E11.1_rep2
31S,ACTCGA,shpk-1_rep2,Y39G8B.1_rep2,gyg-2_rep2,pygl-1_rep2,bgal-1_rep2,bgal-2_rep2
32S,ACGTAC,pyk-1_rep2,tald-1_rep2,Y47D9A.1_rep2,T04A8.7_rep2,bre-1_rep2,hxk-3_rep2
33S,ACGTTG,D2063.1_rep3,unc-17_rep3,dlat-2_rep3,T24C4.5_rep3,F41E6.5_rep3,pgk-1_rep3
34S,ACGTGA,vector_well1_rep3,ipgm-1_rep3,pck-3_rep3,ger-1_rep3,pgph-2_rep3,pfkb-1.1_rep3
35S,CTAGAC,klo-2_rep3,ZK1058.3_rep3,ZK632.4_rep3,Y71F9B.9_rep3,tre-1_rep3,hxk-2_rep3
36S,CTAGTG,mcp-1_rep3,vector_well2_rep3,gsy-1_rep3,men-1_rep3,agl-1_rep3,aagr-1_rep3
37S,CTAGGA,gyg-1_rep3,pyk-2_rep3,pgph-3_rep3,alh-5_rep3,pfk-1.2_rep3,gob-1_rep3
38S,CTCATG,tps-1_rep3,alh-4_rep3,F07A11.5_rep3,tps-2_rep3,alh-12_rep3,dhs-21_rep3
39S,CTCAGA,aldo-2_rep3,K08E3.5_rep3,pfkb-1.2_rep3,icl-1_rep3,F26D11.1_rep3,gpd-3_rep3
40S,CTTCGA,fbp-1_rep3,aldo-1_rep3,tre-2_rep3,Y105E8B.9_rep3,Y43F4B.5_rep3,T21C9.6_rep3
41S,CTGTAC,F52B11.2_rep3,rpia-1_rep3,gale-1_rep3,sodh-1_rep3,adh-5_rep3,div-1_rep3
42S,CTGTGA,enol-1_rep3,tkt-1_rep3,glod-4_rep3,pfk-1.1_rep3,R04B5.5_rep3,R151.2_rep3
43S,TGAGAC,alh-11_rep3,alh-9_rep3,pck-1_rep3,hxk-1_rep3,gpi-1_rep3,pck-2_rep3
44S,TGCAAC,gpd-2_rep3,Y17G7B.3_rep3,tre-5_rep3,R05F9.6_rep3,aagr-2_rep3,Y57G11C.3_rep3
45S,TGCATG,klo-1_rep3,gspd-1_rep3,C50D2.7_rep3,gana-1_rep3,tre-4_rep3,C26D10.4_rep3
46S,TGCAGA,gpd-1_rep3,gpd-4_rep3,tpi-1_rep3,alh-1_rep3,acs-19_rep3,W06E11.1_rep3
47S,TGTCAC,shpk-1_rep3,Y39G8B.1_rep3,gyg-2_rep3,pygl-1_rep3,bgal-1_rep3,bgal-2_rep3
48S,TGTCGA,pyk-1_rep3,tald-1_rep3,Y47D9A.1_rep3,T04A8.7_rep3,bre-1_rep3,hxk-3_rep3
49S,TGGTAC,,vector_well1_rep1,vector_well1_rep1,vector_well1_rep1,vector_well1_rep1,vector_well1_rep1
50S,GACATG,vector_well2_rep1,,vector_well2_rep1,vector_well2_rep1,vector_well2_rep1,vector_well2_rep1
51S,GATCAC,,vector_well1_rep2,vector_well1_rep2,vector_well1_rep2,vector_well1_rep2,vector_well1_rep2
52S,GATCTG,vector_well2_rep2,,vector_well2_rep2,vector_well2_rep2,vector_well2_rep2,vector_well2_rep2
53S,GATCGA,,vector_well1_rep3,vector_well1_rep3,vector_well1_rep3,vector_well1_rep3,vector_well1_rep3
54S,GAGTAC,vector_well2_rep3,,vector_well2_rep3,vector_well2_rep3,vector_well2_rep3,vector_well2_rep3